timestamp, utilization.gpu [%], memory.used [MiB], memory.total [MiB]
2026/04/14 12:13:04.739, 0 %, 0 MiB, 81920 MiB
2026/04/14 12:13:04.745, 2 %, 0 MiB, 81920 MiB
2026/04/14 12:13:09.752, 0 %, 0 MiB, 81920 MiB
2026/04/14 12:13:09.752, 0 %, 0 MiB, 81920 MiB
2026/04/14 12:13:14.752, 0 %, 0 MiB, 81920 MiB
2026/04/14 12:13:14.753, 0 %, 0 MiB, 81920 MiB
2026/04/14 12:13:19.753, 0 %, 0 MiB, 81920 MiB
2026/04/14 12:13:19.753, 0 %, 0 MiB, 81920 MiB
2026/04/14 12:13:24.754, 0 %, 0 MiB, 81920 MiB
2026/04/14 12:13:24.754, 0 %, 0 MiB, 81920 MiB
2026/04/14 12:13:29.755, 0 %, 0 MiB, 81920 MiB
2026/04/14 12:13:29.755, 0 %, 0 MiB, 81920 MiB
2026/04/14 12:13:34.756, 0 %, 0 MiB, 81920 MiB
2026/04/14 12:13:34.756, 0 %, 0 MiB, 81920 MiB
2026/04/14 12:13:39.757, 0 %, 0 MiB, 81920 MiB
2026/04/14 12:13:39.757, 0 %, 0 MiB, 81920 MiB
2026/04/14 12:13:44.758, 0 %, 0 MiB, 81920 MiB
2026/04/14 12:13:44.758, 0 %, 0 MiB, 81920 MiB
2026/04/14 12:13:49.759, 0 %, 0 MiB, 81920 MiB
2026/04/14 12:13:49.759, 0 %, 0 MiB, 81920 MiB
2026/04/14 12:13:54.760, 0 %, 0 MiB, 81920 MiB
2026/04/14 12:13:54.760, 0 %, 0 MiB, 81920 MiB
2026/04/14 12:13:59.760, 0 %, 0 MiB, 81920 MiB
2026/04/14 12:13:59.760, 0 %, 0 MiB, 81920 MiB
2026/04/14 12:14:04.761, 0 %, 0 MiB, 81920 MiB
2026/04/14 12:14:04.761, 0 %, 0 MiB, 81920 MiB
2026/04/14 12:14:09.762, 0 %, 0 MiB, 81920 MiB
2026/04/14 12:14:09.762, 0 %, 0 MiB, 81920 MiB
2026/04/14 12:14:14.763, 0 %, 423 MiB, 81920 MiB
2026/04/14 12:14:14.763, 0 %, 0 MiB, 81920 MiB
2026/04/14 12:14:19.764, 0 %, 425 MiB, 81920 MiB
2026/04/14 12:14:19.764, 0 %, 0 MiB, 81920 MiB
2026/04/14 12:14:24.764, 0 %, 435 MiB, 81920 MiB
2026/04/14 12:14:24.765, 0 %, 0 MiB, 81920 MiB
2026/04/14 12:14:29.765, 0 %, 491 MiB, 81920 MiB
2026/04/14 12:14:29.765, 0 %, 0 MiB, 81920 MiB
2026/04/14 12:14:34.766, 78 %, 465 MiB, 81920 MiB
2026/04/14 12:14:34.766, 0 %, 0 MiB, 81920 MiB
2026/04/14 12:14:39.767, 0 %, 457 MiB, 81920 MiB
2026/04/14 12:14:39.768, 0 %, 0 MiB, 81920 MiB
2026/04/14 12:14:44.768, 0 %, 457 MiB, 81920 MiB
2026/04/14 12:14:44.769, 0 %, 0 MiB, 81920 MiB
2026/04/14 12:14:49.770, 0 %, 457 MiB, 81920 MiB
2026/04/14 12:14:49.770, 0 %, 0 MiB, 81920 MiB
2026/04/14 12:14:54.770, 0 %, 457 MiB, 81920 MiB
2026/04/14 12:14:54.771, 0 %, 0 MiB, 81920 MiB
2026/04/14 12:14:59.772, 0 %, 457 MiB, 81920 MiB
2026/04/14 12:14:59.772, 0 %, 0 MiB, 81920 MiB
2026/04/14 12:15:04.773, 0 %, 457 MiB, 81920 MiB
2026/04/14 12:15:04.773, 0 %, 0 MiB, 81920 MiB
2026/04/14 12:15:09.773, 0 %, 457 MiB, 81920 MiB
2026/04/14 12:15:09.774, 0 %, 0 MiB, 81920 MiB
2026/04/14 12:15:14.774, 0 %, 457 MiB, 81920 MiB
2026/04/14 12:15:14.775, 0 %, 0 MiB, 81920 MiB
2026/04/14 12:15:19.776, 0 %, 457 MiB, 81920 MiB
2026/04/14 12:15:19.776, 0 %, 0 MiB, 81920 MiB
2026/04/14 12:15:24.777, 0 %, 457 MiB, 81920 MiB
2026/04/14 12:15:24.777, 0 %, 0 MiB, 81920 MiB
2026/04/14 12:15:29.778, 0 %, 457 MiB, 81920 MiB
2026/04/14 12:15:29.778, 0 %, 0 MiB, 81920 MiB
2026/04/14 12:15:34.779, 0 %, 457 MiB, 81920 MiB
2026/04/14 12:15:34.779, 0 %, 0 MiB, 81920 MiB
2026/04/14 12:15:39.780, 0 %, 457 MiB, 81920 MiB
2026/04/14 12:15:39.780, 0 %, 0 MiB, 81920 MiB
2026/04/14 12:15:44.781, 0 %, 457 MiB, 81920 MiB
2026/04/14 12:15:44.781, 0 %, 0 MiB, 81920 MiB
2026/04/14 12:15:49.781, 0 %, 457 MiB, 81920 MiB
2026/04/14 12:15:49.782, 0 %, 0 MiB, 81920 MiB
2026/04/14 12:15:54.782, 0 %, 457 MiB, 81920 MiB
2026/04/14 12:15:54.783, 0 %, 0 MiB, 81920 MiB
2026/04/14 12:15:59.783, 0 %, 457 MiB, 81920 MiB
2026/04/14 12:15:59.784, 0 %, 0 MiB, 81920 MiB
2026/04/14 12:16:04.784, 0 %, 457 MiB, 81920 MiB
2026/04/14 12:16:04.785, 0 %, 0 MiB, 81920 MiB
2026/04/14 12:16:09.785, 0 %, 457 MiB, 81920 MiB
2026/04/14 12:16:09.786, 0 %, 0 MiB, 81920 MiB
2026/04/14 12:16:14.787, 0 %, 457 MiB, 81920 MiB
2026/04/14 12:16:14.787, 0 %, 0 MiB, 81920 MiB
2026/04/14 12:16:19.788, 0 %, 457 MiB, 81920 MiB
2026/04/14 12:16:19.788, 0 %, 0 MiB, 81920 MiB
2026/04/14 12:16:24.789, 0 %, 457 MiB, 81920 MiB
2026/04/14 12:16:24.789, 0 %, 0 MiB, 81920 MiB
2026/04/14 12:16:29.790, 0 %, 457 MiB, 81920 MiB
2026/04/14 12:16:29.790, 0 %, 0 MiB, 81920 MiB
2026/04/14 12:16:34.791, 0 %, 457 MiB, 81920 MiB
2026/04/14 12:16:34.791, 0 %, 0 MiB, 81920 MiB
2026/04/14 12:16:39.792, 0 %, 457 MiB, 81920 MiB
2026/04/14 12:16:39.793, 0 %, 0 MiB, 81920 MiB
2026/04/14 12:16:44.793, 0 %, 457 MiB, 81920 MiB
2026/04/14 12:16:44.793, 0 %, 0 MiB, 81920 MiB
2026/04/14 12:16:49.826, 0 %, 457 MiB, 81920 MiB
2026/04/14 12:16:49.827, 0 %, 0 MiB, 81920 MiB
2026/04/14 12:16:54.828, 0 %, 457 MiB, 81920 MiB
2026/04/14 12:16:54.828, 0 %, 0 MiB, 81920 MiB
2026/04/14 12:16:59.829, 0 %, 457 MiB, 81920 MiB
2026/04/14 12:16:59.829, 0 %, 0 MiB, 81920 MiB
2026/04/14 12:17:04.830, 0 %, 457 MiB, 81920 MiB
2026/04/14 12:17:04.830, 0 %, 0 MiB, 81920 MiB
2026/04/14 12:17:09.831, 0 %, 457 MiB, 81920 MiB
2026/04/14 12:17:09.831, 0 %, 0 MiB, 81920 MiB
2026/04/14 12:17:14.832, 0 %, 457 MiB, 81920 MiB
2026/04/14 12:17:14.832, 0 %, 0 MiB, 81920 MiB
2026/04/14 12:17:19.833, 0 %, 457 MiB, 81920 MiB
2026/04/14 12:17:19.833, 0 %, 0 MiB, 81920 MiB
2026/04/14 12:17:24.833, 0 %, 457 MiB, 81920 MiB
2026/04/14 12:17:24.834, 0 %, 0 MiB, 81920 MiB
2026/04/14 12:17:29.834, 0 %, 457 MiB, 81920 MiB
2026/04/14 12:17:29.835, 0 %, 0 MiB, 81920 MiB
2026/04/14 12:17:34.835, 0 %, 457 MiB, 81920 MiB
2026/04/14 12:17:34.835, 0 %, 0 MiB, 81920 MiB
2026/04/14 12:17:39.836, 0 %, 457 MiB, 81920 MiB
2026/04/14 12:17:39.836, 0 %, 0 MiB, 81920 MiB
2026/04/14 12:17:44.837, 0 %, 457 MiB, 81920 MiB
2026/04/14 12:17:44.840, 0 %, 0 MiB, 81920 MiB
2026/04/14 12:17:49.841, 0 %, 457 MiB, 81920 MiB
2026/04/14 12:17:49.841, 0 %, 0 MiB, 81920 MiB
2026/04/14 12:17:54.842, 0 %, 457 MiB, 81920 MiB
2026/04/14 12:17:54.842, 0 %, 0 MiB, 81920 MiB
2026/04/14 12:17:59.843, 0 %, 457 MiB, 81920 MiB
2026/04/14 12:17:59.843, 0 %, 0 MiB, 81920 MiB
2026/04/14 12:18:04.843, 0 %, 457 MiB, 81920 MiB
2026/04/14 12:18:04.843, 0 %, 0 MiB, 81920 MiB
2026/04/14 12:18:09.844, 0 %, 457 MiB, 81920 MiB
2026/04/14 12:18:09.844, 0 %, 0 MiB, 81920 MiB
2026/04/14 12:18:14.845, 0 %, 491 MiB, 81920 MiB
2026/04/14 12:18:14.846, 0 %, 0 MiB, 81920 MiB
2026/04/14 12:18:19.846, 3 %, 525 MiB, 81920 MiB
2026/04/14 12:18:19.847, 0 %, 0 MiB, 81920 MiB
2026/04/14 12:18:24.848, 34 %, 491 MiB, 81920 MiB
2026/04/14 12:18:24.848, 0 %, 0 MiB, 81920 MiB
2026/04/14 12:18:29.849, 0 %, 491 MiB, 81920 MiB
2026/04/14 12:18:29.849, 0 %, 0 MiB, 81920 MiB
2026/04/14 12:18:34.850, 0 %, 491 MiB, 81920 MiB
2026/04/14 12:18:34.850, 0 %, 0 MiB, 81920 MiB
2026/04/14 12:18:39.851, 0 %, 491 MiB, 81920 MiB
2026/04/14 12:18:39.851, 0 %, 0 MiB, 81920 MiB
2026/04/14 12:18:44.852, 0 %, 491 MiB, 81920 MiB
2026/04/14 12:18:44.852, 0 %, 0 MiB, 81920 MiB
2026/04/14 12:18:49.853, 0 %, 491 MiB, 81920 MiB
2026/04/14 12:18:49.853, 0 %, 0 MiB, 81920 MiB
2026/04/14 12:18:54.854, 0 %, 491 MiB, 81920 MiB
2026/04/14 12:18:54.854, 0 %, 0 MiB, 81920 MiB
2026/04/14 12:18:59.855, 0 %, 491 MiB, 81920 MiB
2026/04/14 12:18:59.855, 0 %, 0 MiB, 81920 MiB
2026/04/14 12:19:04.856, 0 %, 491 MiB, 81920 MiB
2026/04/14 12:19:04.856, 0 %, 0 MiB, 81920 MiB
2026/04/14 12:19:09.857, 0 %, 491 MiB, 81920 MiB
2026/04/14 12:19:09.857, 0 %, 0 MiB, 81920 MiB
2026/04/14 12:19:14.858, 0 %, 491 MiB, 81920 MiB
2026/04/14 12:19:14.858, 0 %, 0 MiB, 81920 MiB
2026/04/14 12:19:19.859, 0 %, 491 MiB, 81920 MiB
2026/04/14 12:19:19.859, 0 %, 0 MiB, 81920 MiB
2026/04/14 12:19:24.860, 0 %, 491 MiB, 81920 MiB
2026/04/14 12:19:24.860, 0 %, 0 MiB, 81920 MiB
2026/04/14 12:19:29.861, 0 %, 491 MiB, 81920 MiB
2026/04/14 12:19:29.861, 0 %, 0 MiB, 81920 MiB
2026/04/14 12:19:34.861, 0 %, 491 MiB, 81920 MiB
2026/04/14 12:19:34.862, 0 %, 0 MiB, 81920 MiB
2026/04/14 12:19:39.862, 0 %, 491 MiB, 81920 MiB
2026/04/14 12:19:39.862, 0 %, 0 MiB, 81920 MiB
2026/04/14 12:19:44.863, 0 %, 491 MiB, 81920 MiB
2026/04/14 12:19:44.863, 0 %, 0 MiB, 81920 MiB
2026/04/14 12:19:49.864, 0 %, 491 MiB, 81920 MiB
2026/04/14 12:19:49.864, 0 %, 0 MiB, 81920 MiB
2026/04/14 12:19:54.865, 0 %, 491 MiB, 81920 MiB
2026/04/14 12:19:54.865, 0 %, 0 MiB, 81920 MiB
2026/04/14 12:19:59.866, 0 %, 491 MiB, 81920 MiB
2026/04/14 12:19:59.866, 0 %, 0 MiB, 81920 MiB
2026/04/14 12:20:04.867, 0 %, 491 MiB, 81920 MiB
2026/04/14 12:20:04.867, 0 %, 0 MiB, 81920 MiB
2026/04/14 12:20:09.868, 0 %, 491 MiB, 81920 MiB
2026/04/14 12:20:09.868, 0 %, 0 MiB, 81920 MiB
2026/04/14 12:20:14.869, 0 %, 491 MiB, 81920 MiB
2026/04/14 12:20:14.869, 0 %, 0 MiB, 81920 MiB
2026/04/14 12:20:19.869, 0 %, 491 MiB, 81920 MiB
2026/04/14 12:20:19.869, 0 %, 0 MiB, 81920 MiB
2026/04/14 12:20:24.894, 0 %, 491 MiB, 81920 MiB
2026/04/14 12:20:24.894, 0 %, 0 MiB, 81920 MiB
2026/04/14 12:20:29.895, 0 %, 491 MiB, 81920 MiB
2026/04/14 12:20:29.895, 0 %, 0 MiB, 81920 MiB
2026/04/14 12:20:34.896, 0 %, 491 MiB, 81920 MiB
2026/04/14 12:20:34.896, 0 %, 0 MiB, 81920 MiB
2026/04/14 12:20:39.897, 0 %, 491 MiB, 81920 MiB
2026/04/14 12:20:39.897, 0 %, 0 MiB, 81920 MiB
2026/04/14 12:20:44.898, 0 %, 491 MiB, 81920 MiB
2026/04/14 12:20:44.898, 0 %, 0 MiB, 81920 MiB
2026/04/14 12:20:49.899, 0 %, 491 MiB, 81920 MiB
2026/04/14 12:20:49.899, 0 %, 0 MiB, 81920 MiB
2026/04/14 12:20:54.900, 0 %, 491 MiB, 81920 MiB
2026/04/14 12:20:54.901, 0 %, 0 MiB, 81920 MiB
2026/04/14 12:20:59.943, 0 %, 491 MiB, 81920 MiB
2026/04/14 12:20:59.944, 0 %, 0 MiB, 81920 MiB
2026/04/14 12:21:04.944, 0 %, 491 MiB, 81920 MiB
2026/04/14 12:21:04.945, 0 %, 0 MiB, 81920 MiB
2026/04/14 12:21:09.945, 0 %, 491 MiB, 81920 MiB
2026/04/14 12:21:09.945, 0 %, 0 MiB, 81920 MiB
2026/04/14 12:21:14.946, 0 %, 491 MiB, 81920 MiB
2026/04/14 12:21:14.946, 0 %, 0 MiB, 81920 MiB
2026/04/14 12:21:19.947, 0 %, 491 MiB, 81920 MiB
2026/04/14 12:21:19.947, 0 %, 0 MiB, 81920 MiB
2026/04/14 12:21:24.948, 0 %, 491 MiB, 81920 MiB
2026/04/14 12:21:24.948, 0 %, 0 MiB, 81920 MiB
2026/04/14 12:21:29.948, 0 %, 491 MiB, 81920 MiB
2026/04/14 12:21:29.949, 0 %, 0 MiB, 81920 MiB
2026/04/14 12:21:34.949, 0 %, 491 MiB, 81920 MiB
2026/04/14 12:21:34.950, 0 %, 0 MiB, 81920 MiB
2026/04/14 12:21:39.950, 0 %, 491 MiB, 81920 MiB
2026/04/14 12:21:39.950, 0 %, 0 MiB, 81920 MiB
2026/04/14 12:21:44.951, 0 %, 491 MiB, 81920 MiB
2026/04/14 12:21:44.951, 0 %, 0 MiB, 81920 MiB
2026/04/14 12:21:49.952, 0 %, 491 MiB, 81920 MiB
2026/04/14 12:21:49.952, 0 %, 0 MiB, 81920 MiB
2026/04/14 12:21:54.953, 0 %, 491 MiB, 81920 MiB
2026/04/14 12:21:54.953, 0 %, 0 MiB, 81920 MiB
2026/04/14 12:21:59.954, 0 %, 491 MiB, 81920 MiB
2026/04/14 12:21:59.954, 0 %, 0 MiB, 81920 MiB
2026/04/14 12:22:04.955, 0 %, 491 MiB, 81920 MiB
2026/04/14 12:22:04.955, 0 %, 0 MiB, 81920 MiB
2026/04/14 12:22:09.956, 0 %, 491 MiB, 81920 MiB
2026/04/14 12:22:09.956, 0 %, 0 MiB, 81920 MiB
2026/04/14 12:22:14.957, 0 %, 491 MiB, 81920 MiB
2026/04/14 12:22:14.957, 0 %, 0 MiB, 81920 MiB
2026/04/14 12:22:19.958, 14 %, 559 MiB, 81920 MiB
2026/04/14 12:22:19.958, 0 %, 0 MiB, 81920 MiB
2026/04/14 12:22:24.959, 8 %, 525 MiB, 81920 MiB
2026/04/14 12:22:24.959, 0 %, 0 MiB, 81920 MiB
2026/04/14 12:22:29.960, 0 %, 525 MiB, 81920 MiB
2026/04/14 12:22:29.960, 0 %, 0 MiB, 81920 MiB
2026/04/14 12:22:34.961, 0 %, 525 MiB, 81920 MiB
2026/04/14 12:22:34.961, 0 %, 0 MiB, 81920 MiB
2026/04/14 12:22:39.962, 0 %, 525 MiB, 81920 MiB
2026/04/14 12:22:39.962, 0 %, 0 MiB, 81920 MiB
2026/04/14 12:22:44.963, 0 %, 525 MiB, 81920 MiB
2026/04/14 12:22:44.963, 0 %, 0 MiB, 81920 MiB
2026/04/14 12:22:49.964, 0 %, 525 MiB, 81920 MiB
2026/04/14 12:22:49.964, 0 %, 0 MiB, 81920 MiB
2026/04/14 12:22:54.965, 0 %, 525 MiB, 81920 MiB
2026/04/14 12:22:54.965, 0 %, 0 MiB, 81920 MiB
2026/04/14 12:22:59.966, 0 %, 525 MiB, 81920 MiB
2026/04/14 12:22:59.966, 0 %, 0 MiB, 81920 MiB
2026/04/14 12:23:04.967, 0 %, 525 MiB, 81920 MiB
2026/04/14 12:23:04.967, 0 %, 0 MiB, 81920 MiB
2026/04/14 12:23:09.968, 0 %, 525 MiB, 81920 MiB
2026/04/14 12:23:09.968, 0 %, 0 MiB, 81920 MiB
2026/04/14 12:23:14.969, 0 %, 525 MiB, 81920 MiB
2026/04/14 12:23:14.969, 0 %, 0 MiB, 81920 MiB
2026/04/14 12:23:19.970, 0 %, 525 MiB, 81920 MiB
2026/04/14 12:23:19.970, 0 %, 0 MiB, 81920 MiB
2026/04/14 12:23:24.971, 0 %, 525 MiB, 81920 MiB
2026/04/14 12:23:24.971, 0 %, 0 MiB, 81920 MiB
2026/04/14 12:23:29.972, 0 %, 525 MiB, 81920 MiB
2026/04/14 12:23:29.972, 0 %, 0 MiB, 81920 MiB
2026/04/14 12:23:34.973, 0 %, 525 MiB, 81920 MiB
2026/04/14 12:23:34.973, 0 %, 0 MiB, 81920 MiB
2026/04/14 12:23:39.974, 0 %, 525 MiB, 81920 MiB
2026/04/14 12:23:39.974, 0 %, 0 MiB, 81920 MiB
2026/04/14 12:23:44.975, 0 %, 525 MiB, 81920 MiB
2026/04/14 12:23:44.975, 0 %, 0 MiB, 81920 MiB
2026/04/14 12:23:49.976, 0 %, 525 MiB, 81920 MiB
2026/04/14 12:23:49.976, 0 %, 0 MiB, 81920 MiB
2026/04/14 12:23:54.977, 0 %, 525 MiB, 81920 MiB
2026/04/14 12:23:54.977, 0 %, 0 MiB, 81920 MiB
2026/04/14 12:23:59.978, 0 %, 491 MiB, 81920 MiB
2026/04/14 12:23:59.978, 0 %, 0 MiB, 81920 MiB
2026/04/14 12:24:04.979, 0 %, 491 MiB, 81920 MiB
2026/04/14 12:24:04.979, 0 %, 0 MiB, 81920 MiB
2026/04/14 12:24:09.980, 0 %, 491 MiB, 81920 MiB
2026/04/14 12:24:09.980, 0 %, 0 MiB, 81920 MiB
2026/04/14 12:24:14.981, 0 %, 491 MiB, 81920 MiB
2026/04/14 12:24:14.981, 0 %, 0 MiB, 81920 MiB
2026/04/14 12:24:19.981, 0 %, 491 MiB, 81920 MiB
2026/04/14 12:24:19.982, 0 %, 0 MiB, 81920 MiB
2026/04/14 12:24:24.982, 0 %, 491 MiB, 81920 MiB
2026/04/14 12:24:24.982, 0 %, 0 MiB, 81920 MiB
2026/04/14 12:24:29.983, 0 %, 491 MiB, 81920 MiB
2026/04/14 12:24:29.983, 0 %, 0 MiB, 81920 MiB
2026/04/14 12:24:34.984, 0 %, 491 MiB, 81920 MiB
2026/04/14 12:24:34.984, 0 %, 0 MiB, 81920 MiB
2026/04/14 12:24:39.985, 0 %, 491 MiB, 81920 MiB
2026/04/14 12:24:39.985, 0 %, 0 MiB, 81920 MiB
2026/04/14 12:24:44.985, 0 %, 491 MiB, 81920 MiB
2026/04/14 12:24:44.985, 0 %, 0 MiB, 81920 MiB
2026/04/14 12:24:50.033, 0 %, 491 MiB, 81920 MiB
2026/04/14 12:24:50.034, 0 %, 0 MiB, 81920 MiB
2026/04/14 12:24:55.034, 0 %, 491 MiB, 81920 MiB
2026/04/14 12:24:55.035, 0 %, 0 MiB, 81920 MiB
2026/04/14 12:25:00.035, 0 %, 491 MiB, 81920 MiB
2026/04/14 12:25:00.035, 0 %, 0 MiB, 81920 MiB
2026/04/14 12:25:05.036, 0 %, 491 MiB, 81920 MiB
2026/04/14 12:25:05.036, 0 %, 0 MiB, 81920 MiB
2026/04/14 12:25:10.037, 0 %, 491 MiB, 81920 MiB
2026/04/14 12:25:10.037, 0 %, 0 MiB, 81920 MiB
2026/04/14 12:25:15.038, 0 %, 491 MiB, 81920 MiB
2026/04/14 12:25:15.038, 0 %, 0 MiB, 81920 MiB
2026/04/14 12:25:20.038, 0 %, 491 MiB, 81920 MiB
2026/04/14 12:25:20.039, 0 %, 0 MiB, 81920 MiB
2026/04/14 12:25:25.039, 0 %, 491 MiB, 81920 MiB
2026/04/14 12:25:25.039, 0 %, 0 MiB, 81920 MiB
2026/04/14 12:25:30.040, 0 %, 491 MiB, 81920 MiB
2026/04/14 12:25:30.040, 0 %, 0 MiB, 81920 MiB
2026/04/14 12:25:35.041, 0 %, 491 MiB, 81920 MiB
2026/04/14 12:25:35.041, 0 %, 0 MiB, 81920 MiB
2026/04/14 12:25:40.042, 0 %, 491 MiB, 81920 MiB
2026/04/14 12:25:40.042, 0 %, 0 MiB, 81920 MiB
2026/04/14 12:25:45.043, 0 %, 491 MiB, 81920 MiB
2026/04/14 12:25:45.043, 0 %, 0 MiB, 81920 MiB
2026/04/14 12:25:50.044, 0 %, 491 MiB, 81920 MiB
2026/04/14 12:25:50.044, 0 %, 0 MiB, 81920 MiB
2026/04/14 12:25:55.044, 0 %, 491 MiB, 81920 MiB
2026/04/14 12:25:55.045, 0 %, 0 MiB, 81920 MiB
2026/04/14 12:26:00.045, 26 %, 525 MiB, 81920 MiB
2026/04/14 12:26:00.045, 0 %, 0 MiB, 81920 MiB
2026/04/14 12:26:05.046, 15 %, 525 MiB, 81920 MiB
2026/04/14 12:26:05.046, 0 %, 0 MiB, 81920 MiB
2026/04/14 12:26:10.047, 0 %, 525 MiB, 81920 MiB
2026/04/14 12:26:10.047, 0 %, 0 MiB, 81920 MiB
2026/04/14 12:26:15.047, 0 %, 525 MiB, 81920 MiB
2026/04/14 12:26:15.047, 0 %, 0 MiB, 81920 MiB
2026/04/14 12:26:20.048, 0 %, 525 MiB, 81920 MiB
2026/04/14 12:26:20.048, 0 %, 0 MiB, 81920 MiB
2026/04/14 12:26:25.049, 0 %, 525 MiB, 81920 MiB
2026/04/14 12:26:25.049, 0 %, 0 MiB, 81920 MiB
2026/04/14 12:26:30.049, 0 %, 525 MiB, 81920 MiB
2026/04/14 12:26:30.050, 0 %, 0 MiB, 81920 MiB
2026/04/14 12:26:35.050, 0 %, 525 MiB, 81920 MiB
2026/04/14 12:26:35.050, 0 %, 0 MiB, 81920 MiB
2026/04/14 12:26:40.051, 0 %, 525 MiB, 81920 MiB
2026/04/14 12:26:40.051, 0 %, 0 MiB, 81920 MiB
2026/04/14 12:26:45.051, 0 %, 525 MiB, 81920 MiB
2026/04/14 12:26:45.051, 0 %, 0 MiB, 81920 MiB
2026/04/14 12:26:50.052, 0 %, 525 MiB, 81920 MiB
2026/04/14 12:26:50.052, 0 %, 0 MiB, 81920 MiB
2026/04/14 12:26:55.052, 0 %, 525 MiB, 81920 MiB
2026/04/14 12:26:55.053, 0 %, 0 MiB, 81920 MiB
2026/04/14 12:27:00.053, 0 %, 525 MiB, 81920 MiB
2026/04/14 12:27:00.053, 0 %, 0 MiB, 81920 MiB
2026/04/14 12:27:05.054, 0 %, 525 MiB, 81920 MiB
2026/04/14 12:27:05.054, 0 %, 0 MiB, 81920 MiB
2026/04/14 12:27:10.054, 0 %, 525 MiB, 81920 MiB
2026/04/14 12:27:10.055, 0 %, 0 MiB, 81920 MiB
2026/04/14 12:27:15.055, 0 %, 525 MiB, 81920 MiB
2026/04/14 12:27:15.055, 0 %, 0 MiB, 81920 MiB
2026/04/14 12:27:20.056, 0 %, 525 MiB, 81920 MiB
2026/04/14 12:27:20.056, 0 %, 0 MiB, 81920 MiB
2026/04/14 12:27:25.056, 0 %, 525 MiB, 81920 MiB
2026/04/14 12:27:25.057, 0 %, 0 MiB, 81920 MiB
2026/04/14 12:27:30.057, 0 %, 525 MiB, 81920 MiB
2026/04/14 12:27:30.057, 0 %, 0 MiB, 81920 MiB
2026/04/14 12:27:35.058, 0 %, 525 MiB, 81920 MiB
2026/04/14 12:27:35.058, 0 %, 0 MiB, 81920 MiB
2026/04/14 12:27:40.059, 0 %, 491 MiB, 81920 MiB
2026/04/14 12:27:40.059, 0 %, 0 MiB, 81920 MiB
2026/04/14 12:27:45.060, 0 %, 491 MiB, 81920 MiB
2026/04/14 12:27:45.060, 0 %, 0 MiB, 81920 MiB
2026/04/14 12:27:50.061, 0 %, 491 MiB, 81920 MiB
2026/04/14 12:27:50.061, 0 %, 0 MiB, 81920 MiB
2026/04/14 12:27:55.062, 0 %, 491 MiB, 81920 MiB
2026/04/14 12:27:55.062, 0 %, 0 MiB, 81920 MiB
2026/04/14 12:28:00.062, 0 %, 491 MiB, 81920 MiB
2026/04/14 12:28:00.063, 0 %, 0 MiB, 81920 MiB
2026/04/14 12:28:05.063, 0 %, 491 MiB, 81920 MiB
2026/04/14 12:28:05.064, 0 %, 0 MiB, 81920 MiB
2026/04/14 12:28:10.064, 0 %, 491 MiB, 81920 MiB
2026/04/14 12:28:10.064, 0 %, 0 MiB, 81920 MiB
2026/04/14 12:28:15.065, 0 %, 491 MiB, 81920 MiB
2026/04/14 12:28:15.065, 0 %, 0 MiB, 81920 MiB
2026/04/14 12:28:20.067, 0 %, 491 MiB, 81920 MiB
2026/04/14 12:28:20.067, 0 %, 0 MiB, 81920 MiB
2026/04/14 12:28:25.068, 0 %, 491 MiB, 81920 MiB
2026/04/14 12:28:25.068, 0 %, 0 MiB, 81920 MiB
2026/04/14 12:28:30.069, 0 %, 491 MiB, 81920 MiB
2026/04/14 12:28:30.069, 0 %, 0 MiB, 81920 MiB
2026/04/14 12:28:35.070, 0 %, 491 MiB, 81920 MiB
2026/04/14 12:28:35.070, 0 %, 0 MiB, 81920 MiB
2026/04/14 12:28:40.071, 0 %, 491 MiB, 81920 MiB
2026/04/14 12:28:40.071, 0 %, 0 MiB, 81920 MiB
2026/04/14 12:28:45.072, 0 %, 491 MiB, 81920 MiB
2026/04/14 12:28:45.072, 0 %, 0 MiB, 81920 MiB
2026/04/14 12:28:50.073, 0 %, 491 MiB, 81920 MiB
2026/04/14 12:28:50.073, 0 %, 0 MiB, 81920 MiB
2026/04/14 12:28:55.074, 0 %, 491 MiB, 81920 MiB
2026/04/14 12:28:55.074, 0 %, 0 MiB, 81920 MiB
2026/04/14 12:29:00.075, 0 %, 491 MiB, 81920 MiB
2026/04/14 12:29:00.075, 0 %, 0 MiB, 81920 MiB
2026/04/14 12:29:05.076, 0 %, 491 MiB, 81920 MiB
2026/04/14 12:29:05.076, 0 %, 0 MiB, 81920 MiB
2026/04/14 12:29:10.077, 0 %, 491 MiB, 81920 MiB
2026/04/14 12:29:10.077, 0 %, 0 MiB, 81920 MiB
2026/04/14 12:29:15.078, 0 %, 491 MiB, 81920 MiB
2026/04/14 12:29:15.078, 0 %, 0 MiB, 81920 MiB
2026/04/14 12:29:20.079, 0 %, 491 MiB, 81920 MiB
2026/04/14 12:29:20.079, 0 %, 0 MiB, 81920 MiB
2026/04/14 12:29:25.080, 0 %, 491 MiB, 81920 MiB
2026/04/14 12:29:25.080, 0 %, 0 MiB, 81920 MiB
2026/04/14 12:29:30.081, 0 %, 491 MiB, 81920 MiB
2026/04/14 12:29:30.081, 0 %, 0 MiB, 81920 MiB
2026/04/14 12:29:35.082, 0 %, 491 MiB, 81920 MiB
2026/04/14 12:29:35.082, 0 %, 0 MiB, 81920 MiB
2026/04/14 12:29:40.082, 6 %, 559 MiB, 81920 MiB
2026/04/14 12:29:40.083, 0 %, 0 MiB, 81920 MiB
2026/04/14 12:29:45.083, 38 %, 525 MiB, 81920 MiB
2026/04/14 12:29:45.083, 0 %, 0 MiB, 81920 MiB
2026/04/14 12:29:50.084, 21 %, 525 MiB, 81920 MiB
2026/04/14 12:29:50.084, 0 %, 0 MiB, 81920 MiB
2026/04/14 12:29:55.085, 0 %, 525 MiB, 81920 MiB
2026/04/14 12:29:55.085, 0 %, 0 MiB, 81920 MiB
2026/04/14 12:30:00.086, 0 %, 525 MiB, 81920 MiB
2026/04/14 12:30:00.086, 0 %, 0 MiB, 81920 MiB
2026/04/14 12:30:05.087, 0 %, 525 MiB, 81920 MiB
2026/04/14 12:30:05.087, 0 %, 0 MiB, 81920 MiB
2026/04/14 12:30:10.088, 0 %, 525 MiB, 81920 MiB
2026/04/14 12:30:10.088, 0 %, 0 MiB, 81920 MiB
2026/04/14 12:30:15.089, 0 %, 525 MiB, 81920 MiB
2026/04/14 12:30:15.089, 0 %, 0 MiB, 81920 MiB
2026/04/14 12:30:20.089, 0 %, 525 MiB, 81920 MiB
2026/04/14 12:30:20.089, 0 %, 0 MiB, 81920 MiB
2026/04/14 12:30:25.090, 0 %, 525 MiB, 81920 MiB
2026/04/14 12:30:25.090, 0 %, 0 MiB, 81920 MiB
2026/04/14 12:30:30.091, 0 %, 525 MiB, 81920 MiB
2026/04/14 12:30:30.091, 0 %, 0 MiB, 81920 MiB
2026/04/14 12:30:35.092, 0 %, 525 MiB, 81920 MiB
2026/04/14 12:30:35.092, 0 %, 0 MiB, 81920 MiB
2026/04/14 12:30:40.093, 0 %, 525 MiB, 81920 MiB
2026/04/14 12:30:40.093, 0 %, 0 MiB, 81920 MiB
2026/04/14 12:30:45.094, 0 %, 525 MiB, 81920 MiB
2026/04/14 12:30:45.094, 0 %, 0 MiB, 81920 MiB
2026/04/14 12:30:50.095, 0 %, 525 MiB, 81920 MiB
2026/04/14 12:30:50.095, 0 %, 0 MiB, 81920 MiB
2026/04/14 12:30:55.095, 0 %, 525 MiB, 81920 MiB
2026/04/14 12:30:55.096, 0 %, 0 MiB, 81920 MiB
2026/04/14 12:31:00.096, 0 %, 525 MiB, 81920 MiB
2026/04/14 12:31:00.096, 0 %, 0 MiB, 81920 MiB
2026/04/14 12:31:05.097, 0 %, 525 MiB, 81920 MiB
2026/04/14 12:31:05.097, 0 %, 0 MiB, 81920 MiB
2026/04/14 12:31:10.098, 0 %, 525 MiB, 81920 MiB
2026/04/14 12:31:10.098, 0 %, 0 MiB, 81920 MiB
2026/04/14 12:31:15.099, 0 %, 525 MiB, 81920 MiB
2026/04/14 12:31:15.099, 0 %, 0 MiB, 81920 MiB
2026/04/14 12:31:20.100, 0 %, 491 MiB, 81920 MiB
2026/04/14 12:31:20.100, 0 %, 0 MiB, 81920 MiB
2026/04/14 12:31:25.102, 0 %, 491 MiB, 81920 MiB
2026/04/14 12:31:25.102, 0 %, 0 MiB, 81920 MiB
2026/04/14 12:31:30.102, 0 %, 491 MiB, 81920 MiB
2026/04/14 12:31:30.102, 0 %, 0 MiB, 81920 MiB
2026/04/14 12:31:35.103, 0 %, 491 MiB, 81920 MiB
2026/04/14 12:31:35.103, 0 %, 0 MiB, 81920 MiB
2026/04/14 12:31:40.104, 0 %, 491 MiB, 81920 MiB
2026/04/14 12:31:40.104, 0 %, 0 MiB, 81920 MiB
2026/04/14 12:31:45.105, 0 %, 491 MiB, 81920 MiB
2026/04/14 12:31:45.105, 0 %, 0 MiB, 81920 MiB
2026/04/14 12:31:50.106, 0 %, 491 MiB, 81920 MiB
2026/04/14 12:31:50.106, 0 %, 0 MiB, 81920 MiB
2026/04/14 12:31:55.106, 0 %, 491 MiB, 81920 MiB
2026/04/14 12:31:55.107, 0 %, 0 MiB, 81920 MiB
2026/04/14 12:32:00.107, 0 %, 491 MiB, 81920 MiB
2026/04/14 12:32:00.107, 0 %, 0 MiB, 81920 MiB
2026/04/14 12:32:05.108, 0 %, 491 MiB, 81920 MiB
2026/04/14 12:32:05.108, 0 %, 0 MiB, 81920 MiB
2026/04/14 12:32:10.109, 0 %, 491 MiB, 81920 MiB
2026/04/14 12:32:10.109, 0 %, 0 MiB, 81920 MiB
2026/04/14 12:32:15.110, 0 %, 491 MiB, 81920 MiB
2026/04/14 12:32:15.110, 0 %, 0 MiB, 81920 MiB
2026/04/14 12:32:20.111, 0 %, 491 MiB, 81920 MiB
2026/04/14 12:32:20.111, 0 %, 0 MiB, 81920 MiB
2026/04/14 12:32:25.112, 0 %, 491 MiB, 81920 MiB
2026/04/14 12:32:25.112, 0 %, 0 MiB, 81920 MiB
2026/04/14 12:32:30.113, 0 %, 491 MiB, 81920 MiB
2026/04/14 12:32:30.113, 0 %, 0 MiB, 81920 MiB
2026/04/14 12:32:35.114, 0 %, 491 MiB, 81920 MiB
2026/04/14 12:32:35.114, 0 %, 0 MiB, 81920 MiB
2026/04/14 12:32:40.115, 0 %, 491 MiB, 81920 MiB
2026/04/14 12:32:40.115, 0 %, 0 MiB, 81920 MiB
2026/04/14 12:32:45.116, 0 %, 491 MiB, 81920 MiB
2026/04/14 12:32:45.116, 0 %, 0 MiB, 81920 MiB
2026/04/14 12:32:50.117, 0 %, 491 MiB, 81920 MiB
2026/04/14 12:32:50.117, 0 %, 0 MiB, 81920 MiB
2026/04/14 12:32:55.119, 0 %, 491 MiB, 81920 MiB
2026/04/14 12:32:55.119, 0 %, 0 MiB, 81920 MiB
2026/04/14 12:33:00.119, 0 %, 491 MiB, 81920 MiB
2026/04/14 12:33:00.120, 0 %, 0 MiB, 81920 MiB
2026/04/14 12:33:05.120, 0 %, 491 MiB, 81920 MiB
2026/04/14 12:33:05.121, 0 %, 0 MiB, 81920 MiB
2026/04/14 12:33:10.121, 0 %, 491 MiB, 81920 MiB
2026/04/14 12:33:10.121, 0 %, 0 MiB, 81920 MiB
2026/04/14 12:33:15.122, 0 %, 491 MiB, 81920 MiB
2026/04/14 12:33:15.122, 0 %, 0 MiB, 81920 MiB
2026/04/14 12:33:20.123, 7 %, 525 MiB, 81920 MiB
2026/04/14 12:33:20.123, 0 %, 0 MiB, 81920 MiB
2026/04/14 12:33:25.124, 1 %, 525 MiB, 81920 MiB
2026/04/14 12:33:25.124, 0 %, 0 MiB, 81920 MiB
2026/04/14 12:33:30.125, 0 %, 525 MiB, 81920 MiB
2026/04/14 12:33:30.125, 0 %, 0 MiB, 81920 MiB
2026/04/14 12:33:35.126, 0 %, 525 MiB, 81920 MiB
2026/04/14 12:33:35.126, 0 %, 0 MiB, 81920 MiB
2026/04/14 12:33:40.127, 0 %, 525 MiB, 81920 MiB
2026/04/14 12:33:40.127, 0 %, 0 MiB, 81920 MiB
2026/04/14 12:33:45.128, 0 %, 525 MiB, 81920 MiB
2026/04/14 12:33:45.128, 0 %, 0 MiB, 81920 MiB
2026/04/14 12:33:50.128, 0 %, 525 MiB, 81920 MiB
2026/04/14 12:33:50.129, 0 %, 0 MiB, 81920 MiB
2026/04/14 12:33:55.129, 0 %, 525 MiB, 81920 MiB
2026/04/14 12:33:55.129, 0 %, 0 MiB, 81920 MiB
2026/04/14 12:34:00.130, 0 %, 525 MiB, 81920 MiB
2026/04/14 12:34:00.130, 0 %, 0 MiB, 81920 MiB
2026/04/14 12:34:05.131, 0 %, 525 MiB, 81920 MiB
2026/04/14 12:34:05.131, 0 %, 0 MiB, 81920 MiB
2026/04/14 12:34:10.132, 0 %, 525 MiB, 81920 MiB
2026/04/14 12:34:10.132, 0 %, 0 MiB, 81920 MiB
2026/04/14 12:34:15.133, 0 %, 525 MiB, 81920 MiB
2026/04/14 12:34:15.133, 0 %, 0 MiB, 81920 MiB
2026/04/14 12:34:20.134, 0 %, 525 MiB, 81920 MiB
2026/04/14 12:34:20.134, 0 %, 0 MiB, 81920 MiB
2026/04/14 12:34:25.134, 0 %, 525 MiB, 81920 MiB
2026/04/14 12:34:25.135, 0 %, 0 MiB, 81920 MiB
2026/04/14 12:34:30.135, 0 %, 525 MiB, 81920 MiB
2026/04/14 12:34:30.135, 0 %, 0 MiB, 81920 MiB
2026/04/14 12:34:35.136, 0 %, 525 MiB, 81920 MiB
2026/04/14 12:34:35.136, 0 %, 0 MiB, 81920 MiB
2026/04/14 12:34:40.137, 0 %, 525 MiB, 81920 MiB
2026/04/14 12:34:40.137, 0 %, 0 MiB, 81920 MiB
2026/04/14 12:34:45.138, 0 %, 525 MiB, 81920 MiB
2026/04/14 12:34:45.138, 0 %, 0 MiB, 81920 MiB
2026/04/14 12:34:50.139, 0 %, 525 MiB, 81920 MiB
2026/04/14 12:34:50.139, 0 %, 0 MiB, 81920 MiB
2026/04/14 12:34:55.140, 0 %, 525 MiB, 81920 MiB
2026/04/14 12:34:55.140, 0 %, 0 MiB, 81920 MiB
2026/04/14 12:35:00.140, 0 %, 525 MiB, 81920 MiB
2026/04/14 12:35:00.141, 0 %, 0 MiB, 81920 MiB
2026/04/14 12:35:05.142, 0 %, 491 MiB, 81920 MiB
2026/04/14 12:35:05.142, 0 %, 0 MiB, 81920 MiB
2026/04/14 12:35:10.143, 0 %, 491 MiB, 81920 MiB
2026/04/14 12:35:10.143, 0 %, 0 MiB, 81920 MiB
2026/04/14 12:35:15.144, 0 %, 491 MiB, 81920 MiB
2026/04/14 12:35:15.144, 0 %, 0 MiB, 81920 MiB
2026/04/14 12:35:20.145, 0 %, 491 MiB, 81920 MiB
2026/04/14 12:35:20.145, 0 %, 0 MiB, 81920 MiB
2026/04/14 12:35:25.146, 0 %, 491 MiB, 81920 MiB
2026/04/14 12:35:25.146, 0 %, 0 MiB, 81920 MiB
2026/04/14 12:35:30.147, 0 %, 491 MiB, 81920 MiB
2026/04/14 12:35:30.147, 0 %, 0 MiB, 81920 MiB
2026/04/14 12:35:35.148, 0 %, 491 MiB, 81920 MiB
2026/04/14 12:35:35.149, 0 %, 0 MiB, 81920 MiB
2026/04/14 12:35:40.149, 0 %, 491 MiB, 81920 MiB
2026/04/14 12:35:40.149, 0 %, 0 MiB, 81920 MiB
2026/04/14 12:35:45.150, 0 %, 491 MiB, 81920 MiB
2026/04/14 12:35:45.150, 0 %, 0 MiB, 81920 MiB
2026/04/14 12:35:50.151, 0 %, 491 MiB, 81920 MiB
2026/04/14 12:35:50.151, 0 %, 0 MiB, 81920 MiB
2026/04/14 12:35:55.152, 0 %, 491 MiB, 81920 MiB
2026/04/14 12:35:55.152, 0 %, 0 MiB, 81920 MiB
2026/04/14 12:36:00.153, 0 %, 491 MiB, 81920 MiB
2026/04/14 12:36:00.153, 0 %, 0 MiB, 81920 MiB
2026/04/14 12:36:05.154, 0 %, 491 MiB, 81920 MiB
2026/04/14 12:36:05.154, 0 %, 0 MiB, 81920 MiB
2026/04/14 12:36:10.155, 0 %, 491 MiB, 81920 MiB
2026/04/14 12:36:10.155, 0 %, 0 MiB, 81920 MiB
2026/04/14 12:36:15.156, 0 %, 491 MiB, 81920 MiB
2026/04/14 12:36:15.156, 0 %, 0 MiB, 81920 MiB
2026/04/14 12:36:20.157, 0 %, 491 MiB, 81920 MiB
2026/04/14 12:36:20.157, 0 %, 0 MiB, 81920 MiB
2026/04/14 12:36:25.158, 0 %, 491 MiB, 81920 MiB
2026/04/14 12:36:25.158, 0 %, 0 MiB, 81920 MiB
2026/04/14 12:36:30.159, 0 %, 491 MiB, 81920 MiB
2026/04/14 12:36:30.159, 0 %, 0 MiB, 81920 MiB
2026/04/14 12:36:35.160, 0 %, 491 MiB, 81920 MiB
2026/04/14 12:36:35.160, 0 %, 0 MiB, 81920 MiB
2026/04/14 12:36:40.161, 0 %, 491 MiB, 81920 MiB
2026/04/14 12:36:40.161, 0 %, 0 MiB, 81920 MiB
2026/04/14 12:36:45.162, 0 %, 491 MiB, 81920 MiB
2026/04/14 12:36:45.162, 0 %, 0 MiB, 81920 MiB
2026/04/14 12:36:50.163, 0 %, 491 MiB, 81920 MiB
2026/04/14 12:36:50.163, 0 %, 0 MiB, 81920 MiB
2026/04/14 12:36:55.164, 0 %, 491 MiB, 81920 MiB
2026/04/14 12:36:55.164, 0 %, 0 MiB, 81920 MiB
2026/04/14 12:37:00.165, 0 %, 491 MiB, 81920 MiB
2026/04/14 12:37:00.165, 0 %, 0 MiB, 81920 MiB
2026/04/14 12:37:05.166, 10 %, 559 MiB, 81920 MiB
2026/04/14 12:37:05.166, 0 %, 0 MiB, 81920 MiB
2026/04/14 12:37:10.166, 38 %, 525 MiB, 81920 MiB
2026/04/14 12:37:10.167, 0 %, 0 MiB, 81920 MiB
2026/04/14 12:37:15.167, 0 %, 525 MiB, 81920 MiB
2026/04/14 12:37:15.167, 0 %, 0 MiB, 81920 MiB
2026/04/14 12:37:20.168, 0 %, 525 MiB, 81920 MiB
2026/04/14 12:37:20.168, 0 %, 0 MiB, 81920 MiB
2026/04/14 12:37:25.169, 0 %, 525 MiB, 81920 MiB
2026/04/14 12:37:25.169, 0 %, 0 MiB, 81920 MiB
2026/04/14 12:37:30.170, 0 %, 525 MiB, 81920 MiB
2026/04/14 12:37:30.170, 0 %, 0 MiB, 81920 MiB
2026/04/14 12:37:35.171, 0 %, 525 MiB, 81920 MiB
2026/04/14 12:37:35.171, 0 %, 0 MiB, 81920 MiB
2026/04/14 12:37:40.172, 0 %, 525 MiB, 81920 MiB
2026/04/14 12:37:40.172, 0 %, 0 MiB, 81920 MiB
2026/04/14 12:37:45.173, 0 %, 525 MiB, 81920 MiB
2026/04/14 12:37:45.173, 0 %, 0 MiB, 81920 MiB
2026/04/14 12:37:50.173, 0 %, 525 MiB, 81920 MiB
2026/04/14 12:37:50.174, 0 %, 0 MiB, 81920 MiB
2026/04/14 12:37:55.174, 0 %, 525 MiB, 81920 MiB
2026/04/14 12:37:55.174, 0 %, 0 MiB, 81920 MiB
2026/04/14 12:38:00.175, 0 %, 525 MiB, 81920 MiB
2026/04/14 12:38:00.175, 0 %, 0 MiB, 81920 MiB
2026/04/14 12:38:05.176, 0 %, 525 MiB, 81920 MiB
2026/04/14 12:38:05.176, 0 %, 0 MiB, 81920 MiB
2026/04/14 12:38:10.177, 0 %, 525 MiB, 81920 MiB
2026/04/14 12:38:10.177, 0 %, 0 MiB, 81920 MiB
2026/04/14 12:38:15.178, 0 %, 525 MiB, 81920 MiB
2026/04/14 12:38:15.178, 0 %, 0 MiB, 81920 MiB
2026/04/14 12:38:20.179, 0 %, 525 MiB, 81920 MiB
2026/04/14 12:38:20.179, 0 %, 0 MiB, 81920 MiB
2026/04/14 12:38:25.180, 0 %, 525 MiB, 81920 MiB
2026/04/14 12:38:25.180, 0 %, 0 MiB, 81920 MiB
2026/04/14 12:38:30.180, 0 %, 525 MiB, 81920 MiB
2026/04/14 12:38:30.180, 0 %, 0 MiB, 81920 MiB
2026/04/14 12:38:35.181, 0 %, 525 MiB, 81920 MiB
2026/04/14 12:38:35.181, 0 %, 0 MiB, 81920 MiB
2026/04/14 12:38:40.182, 0 %, 525 MiB, 81920 MiB
2026/04/14 12:38:40.182, 0 %, 0 MiB, 81920 MiB
2026/04/14 12:38:45.183, 0 %, 491 MiB, 81920 MiB
2026/04/14 12:38:45.183, 0 %, 0 MiB, 81920 MiB
2026/04/14 12:38:50.185, 0 %, 491 MiB, 81920 MiB
2026/04/14 12:38:50.185, 0 %, 0 MiB, 81920 MiB
2026/04/14 12:38:55.186, 0 %, 491 MiB, 81920 MiB
2026/04/14 12:38:55.186, 0 %, 0 MiB, 81920 MiB
2026/04/14 12:39:00.187, 0 %, 491 MiB, 81920 MiB
2026/04/14 12:39:00.187, 0 %, 0 MiB, 81920 MiB
2026/04/14 12:39:05.188, 0 %, 491 MiB, 81920 MiB
2026/04/14 12:39:05.188, 0 %, 0 MiB, 81920 MiB
2026/04/14 12:39:10.189, 0 %, 491 MiB, 81920 MiB
2026/04/14 12:39:10.189, 0 %, 0 MiB, 81920 MiB
2026/04/14 12:39:15.189, 0 %, 491 MiB, 81920 MiB
2026/04/14 12:39:15.190, 0 %, 0 MiB, 81920 MiB
2026/04/14 12:39:20.190, 0 %, 491 MiB, 81920 MiB
2026/04/14 12:39:20.190, 0 %, 0 MiB, 81920 MiB
2026/04/14 12:39:25.191, 0 %, 491 MiB, 81920 MiB
2026/04/14 12:39:25.191, 0 %, 0 MiB, 81920 MiB
2026/04/14 12:39:30.193, 0 %, 491 MiB, 81920 MiB
2026/04/14 12:39:30.193, 0 %, 0 MiB, 81920 MiB
2026/04/14 12:39:35.194, 0 %, 491 MiB, 81920 MiB
2026/04/14 12:39:35.194, 0 %, 0 MiB, 81920 MiB
2026/04/14 12:39:40.195, 0 %, 491 MiB, 81920 MiB
2026/04/14 12:39:40.195, 0 %, 0 MiB, 81920 MiB
2026/04/14 12:39:45.195, 0 %, 491 MiB, 81920 MiB
2026/04/14 12:39:45.196, 0 %, 0 MiB, 81920 MiB
2026/04/14 12:39:50.196, 0 %, 491 MiB, 81920 MiB
2026/04/14 12:39:50.196, 0 %, 0 MiB, 81920 MiB
2026/04/14 12:39:55.197, 0 %, 491 MiB, 81920 MiB
2026/04/14 12:39:55.197, 0 %, 0 MiB, 81920 MiB
2026/04/14 12:40:00.198, 0 %, 491 MiB, 81920 MiB
2026/04/14 12:40:00.198, 0 %, 0 MiB, 81920 MiB
2026/04/14 12:40:05.199, 0 %, 491 MiB, 81920 MiB
2026/04/14 12:40:05.199, 0 %, 0 MiB, 81920 MiB
2026/04/14 12:40:10.200, 0 %, 491 MiB, 81920 MiB
2026/04/14 12:40:10.200, 0 %, 0 MiB, 81920 MiB
2026/04/14 12:40:15.201, 0 %, 491 MiB, 81920 MiB
2026/04/14 12:40:15.201, 0 %, 0 MiB, 81920 MiB
2026/04/14 12:40:20.202, 0 %, 491 MiB, 81920 MiB
2026/04/14 12:40:20.202, 0 %, 0 MiB, 81920 MiB
2026/04/14 12:40:25.203, 0 %, 491 MiB, 81920 MiB
2026/04/14 12:40:25.203, 0 %, 0 MiB, 81920 MiB
2026/04/14 12:40:30.204, 0 %, 491 MiB, 81920 MiB
2026/04/14 12:40:30.204, 0 %, 0 MiB, 81920 MiB
2026/04/14 12:40:35.205, 0 %, 491 MiB, 81920 MiB
2026/04/14 12:40:35.205, 0 %, 0 MiB, 81920 MiB
2026/04/14 12:40:40.206, 0 %, 491 MiB, 81920 MiB
2026/04/14 12:40:40.206, 0 %, 0 MiB, 81920 MiB
2026/04/14 12:40:45.207, 0 %, 525 MiB, 81920 MiB
2026/04/14 12:40:45.207, 0 %, 0 MiB, 81920 MiB
2026/04/14 12:40:50.208, 8 %, 559 MiB, 81920 MiB
2026/04/14 12:40:50.208, 0 %, 0 MiB, 81920 MiB
2026/04/14 12:40:55.209, 26 %, 559 MiB, 81920 MiB
2026/04/14 12:40:55.210, 0 %, 0 MiB, 81920 MiB
2026/04/14 12:41:00.210, 0 %, 525 MiB, 81920 MiB
2026/04/14 12:41:00.210, 0 %, 0 MiB, 81920 MiB
2026/04/14 12:41:05.211, 0 %, 525 MiB, 81920 MiB
2026/04/14 12:41:05.212, 0 %, 0 MiB, 81920 MiB
2026/04/14 12:41:10.212, 0 %, 525 MiB, 81920 MiB
2026/04/14 12:41:10.213, 0 %, 0 MiB, 81920 MiB
2026/04/14 12:41:15.213, 0 %, 525 MiB, 81920 MiB
2026/04/14 12:41:15.214, 0 %, 0 MiB, 81920 MiB
2026/04/14 12:41:20.214, 0 %, 525 MiB, 81920 MiB
2026/04/14 12:41:20.215, 0 %, 0 MiB, 81920 MiB
2026/04/14 12:41:25.215, 0 %, 525 MiB, 81920 MiB
2026/04/14 12:41:25.216, 0 %, 0 MiB, 81920 MiB
2026/04/14 12:41:30.217, 0 %, 525 MiB, 81920 MiB
2026/04/14 12:41:30.217, 0 %, 0 MiB, 81920 MiB
2026/04/14 12:41:35.218, 0 %, 525 MiB, 81920 MiB
2026/04/14 12:41:35.218, 0 %, 0 MiB, 81920 MiB
2026/04/14 12:41:40.219, 0 %, 525 MiB, 81920 MiB
2026/04/14 12:41:40.219, 0 %, 0 MiB, 81920 MiB
2026/04/14 12:41:45.220, 0 %, 525 MiB, 81920 MiB
2026/04/14 12:41:45.220, 0 %, 0 MiB, 81920 MiB
2026/04/14 12:41:50.221, 0 %, 525 MiB, 81920 MiB
2026/04/14 12:41:50.221, 0 %, 0 MiB, 81920 MiB
2026/04/14 12:41:55.222, 0 %, 525 MiB, 81920 MiB
2026/04/14 12:41:55.222, 0 %, 0 MiB, 81920 MiB
2026/04/14 12:42:00.223, 0 %, 525 MiB, 81920 MiB
2026/04/14 12:42:00.223, 0 %, 0 MiB, 81920 MiB
2026/04/14 12:42:05.224, 0 %, 525 MiB, 81920 MiB
2026/04/14 12:42:05.224, 0 %, 0 MiB, 81920 MiB
2026/04/14 12:42:10.225, 0 %, 525 MiB, 81920 MiB
2026/04/14 12:42:10.225, 0 %, 0 MiB, 81920 MiB
2026/04/14 12:42:15.226, 0 %, 525 MiB, 81920 MiB
2026/04/14 12:42:15.226, 0 %, 0 MiB, 81920 MiB
2026/04/14 12:42:20.227, 0 %, 525 MiB, 81920 MiB
2026/04/14 12:42:20.227, 0 %, 0 MiB, 81920 MiB
2026/04/14 12:42:25.228, 0 %, 491 MiB, 81920 MiB
2026/04/14 12:42:25.228, 0 %, 0 MiB, 81920 MiB
2026/04/14 12:42:30.229, 0 %, 491 MiB, 81920 MiB
2026/04/14 12:42:30.229, 0 %, 0 MiB, 81920 MiB
2026/04/14 12:42:35.229, 0 %, 491 MiB, 81920 MiB
2026/04/14 12:42:35.230, 0 %, 0 MiB, 81920 MiB
2026/04/14 12:42:40.230, 0 %, 491 MiB, 81920 MiB
2026/04/14 12:42:40.231, 0 %, 0 MiB, 81920 MiB
2026/04/14 12:42:45.231, 0 %, 491 MiB, 81920 MiB
2026/04/14 12:42:45.232, 0 %, 0 MiB, 81920 MiB
2026/04/14 12:42:50.232, 0 %, 491 MiB, 81920 MiB
2026/04/14 12:42:50.232, 0 %, 0 MiB, 81920 MiB
2026/04/14 12:42:55.233, 0 %, 491 MiB, 81920 MiB
2026/04/14 12:42:55.234, 0 %, 0 MiB, 81920 MiB
2026/04/14 12:43:00.235, 0 %, 491 MiB, 81920 MiB
2026/04/14 12:43:00.235, 0 %, 0 MiB, 81920 MiB
2026/04/14 12:43:05.236, 0 %, 491 MiB, 81920 MiB
2026/04/14 12:43:05.236, 0 %, 0 MiB, 81920 MiB
2026/04/14 12:43:10.237, 0 %, 491 MiB, 81920 MiB
2026/04/14 12:43:10.237, 0 %, 0 MiB, 81920 MiB
2026/04/14 12:43:15.238, 0 %, 491 MiB, 81920 MiB
2026/04/14 12:43:15.238, 0 %, 0 MiB, 81920 MiB
2026/04/14 12:43:20.238, 0 %, 491 MiB, 81920 MiB
2026/04/14 12:43:20.239, 0 %, 0 MiB, 81920 MiB
2026/04/14 12:43:25.239, 0 %, 491 MiB, 81920 MiB
2026/04/14 12:43:25.240, 0 %, 0 MiB, 81920 MiB
2026/04/14 12:43:30.240, 0 %, 491 MiB, 81920 MiB
2026/04/14 12:43:30.241, 0 %, 0 MiB, 81920 MiB
2026/04/14 12:43:35.241, 0 %, 491 MiB, 81920 MiB
2026/04/14 12:43:35.242, 0 %, 0 MiB, 81920 MiB
2026/04/14 12:43:40.242, 0 %, 491 MiB, 81920 MiB
2026/04/14 12:43:40.243, 0 %, 0 MiB, 81920 MiB
2026/04/14 12:43:45.243, 0 %, 491 MiB, 81920 MiB
2026/04/14 12:43:45.244, 0 %, 0 MiB, 81920 MiB
2026/04/14 12:43:50.244, 0 %, 491 MiB, 81920 MiB
2026/04/14 12:43:50.245, 0 %, 0 MiB, 81920 MiB
2026/04/14 12:43:55.245, 0 %, 491 MiB, 81920 MiB
2026/04/14 12:43:55.246, 0 %, 0 MiB, 81920 MiB
2026/04/14 12:44:00.247, 0 %, 491 MiB, 81920 MiB
2026/04/14 12:44:00.247, 0 %, 0 MiB, 81920 MiB
2026/04/14 12:44:05.248, 0 %, 491 MiB, 81920 MiB
2026/04/14 12:44:05.248, 0 %, 0 MiB, 81920 MiB
2026/04/14 12:44:10.248, 0 %, 491 MiB, 81920 MiB
2026/04/14 12:44:10.249, 0 %, 0 MiB, 81920 MiB
2026/04/14 12:44:15.249, 0 %, 491 MiB, 81920 MiB
2026/04/14 12:44:15.250, 0 %, 0 MiB, 81920 MiB
2026/04/14 12:44:20.250, 0 %, 491 MiB, 81920 MiB
2026/04/14 12:44:20.250, 0 %, 0 MiB, 81920 MiB
2026/04/14 12:44:25.251, 26 %, 559 MiB, 81920 MiB
2026/04/14 12:44:25.251, 0 %, 0 MiB, 81920 MiB
2026/04/14 12:44:30.252, 6 %, 559 MiB, 81920 MiB
2026/04/14 12:44:30.252, 0 %, 0 MiB, 81920 MiB
2026/04/14 12:44:35.253, 35 %, 559 MiB, 81920 MiB
2026/04/14 12:44:35.253, 0 %, 0 MiB, 81920 MiB
2026/04/14 12:44:40.254, 0 %, 525 MiB, 81920 MiB
2026/04/14 12:44:40.254, 0 %, 0 MiB, 81920 MiB
2026/04/14 12:44:45.255, 0 %, 525 MiB, 81920 MiB
2026/04/14 12:44:45.255, 0 %, 0 MiB, 81920 MiB
2026/04/14 12:44:50.256, 0 %, 525 MiB, 81920 MiB
2026/04/14 12:44:50.256, 0 %, 0 MiB, 81920 MiB
2026/04/14 12:44:55.257, 0 %, 525 MiB, 81920 MiB
2026/04/14 12:44:55.257, 0 %, 0 MiB, 81920 MiB
2026/04/14 12:45:00.258, 0 %, 525 MiB, 81920 MiB
2026/04/14 12:45:00.258, 0 %, 0 MiB, 81920 MiB
2026/04/14 12:45:05.259, 0 %, 525 MiB, 81920 MiB
2026/04/14 12:45:05.260, 0 %, 0 MiB, 81920 MiB
2026/04/14 12:45:10.260, 0 %, 525 MiB, 81920 MiB
2026/04/14 12:45:10.261, 0 %, 0 MiB, 81920 MiB
2026/04/14 12:45:15.261, 0 %, 525 MiB, 81920 MiB
2026/04/14 12:45:15.262, 0 %, 0 MiB, 81920 MiB
2026/04/14 12:45:20.262, 0 %, 525 MiB, 81920 MiB
2026/04/14 12:45:20.263, 0 %, 0 MiB, 81920 MiB
2026/04/14 12:45:25.263, 0 %, 525 MiB, 81920 MiB
2026/04/14 12:45:25.264, 0 %, 0 MiB, 81920 MiB
2026/04/14 12:45:30.264, 0 %, 525 MiB, 81920 MiB
2026/04/14 12:45:30.265, 0 %, 0 MiB, 81920 MiB
2026/04/14 12:45:35.266, 0 %, 525 MiB, 81920 MiB
2026/04/14 12:45:35.266, 0 %, 0 MiB, 81920 MiB
2026/04/14 12:45:40.267, 0 %, 525 MiB, 81920 MiB
2026/04/14 12:45:40.267, 0 %, 0 MiB, 81920 MiB
2026/04/14 12:45:45.268, 0 %, 525 MiB, 81920 MiB
2026/04/14 12:45:45.268, 0 %, 0 MiB, 81920 MiB
2026/04/14 12:45:50.269, 0 %, 525 MiB, 81920 MiB
2026/04/14 12:45:50.269, 0 %, 0 MiB, 81920 MiB
2026/04/14 12:45:55.270, 0 %, 525 MiB, 81920 MiB
2026/04/14 12:45:55.270, 0 %, 0 MiB, 81920 MiB
2026/04/14 12:46:00.271, 0 %, 525 MiB, 81920 MiB
2026/04/14 12:46:00.271, 0 %, 0 MiB, 81920 MiB
2026/04/14 12:46:05.272, 0 %, 491 MiB, 81920 MiB
2026/04/14 12:46:05.272, 0 %, 0 MiB, 81920 MiB
2026/04/14 12:46:10.273, 0 %, 491 MiB, 81920 MiB
2026/04/14 12:46:10.273, 0 %, 0 MiB, 81920 MiB
2026/04/14 12:46:15.273, 0 %, 491 MiB, 81920 MiB
2026/04/14 12:46:15.274, 0 %, 0 MiB, 81920 MiB
2026/04/14 12:46:20.274, 0 %, 491 MiB, 81920 MiB
2026/04/14 12:46:20.275, 0 %, 0 MiB, 81920 MiB
2026/04/14 12:46:25.276, 0 %, 491 MiB, 81920 MiB
2026/04/14 12:46:25.276, 0 %, 0 MiB, 81920 MiB
2026/04/14 12:46:30.276, 0 %, 491 MiB, 81920 MiB
2026/04/14 12:46:30.277, 0 %, 0 MiB, 81920 MiB
2026/04/14 12:46:35.278, 0 %, 491 MiB, 81920 MiB
2026/04/14 12:46:35.278, 0 %, 0 MiB, 81920 MiB
2026/04/14 12:46:40.279, 0 %, 491 MiB, 81920 MiB
2026/04/14 12:46:40.279, 0 %, 0 MiB, 81920 MiB
2026/04/14 12:46:45.280, 0 %, 491 MiB, 81920 MiB
2026/04/14 12:46:45.280, 0 %, 0 MiB, 81920 MiB
2026/04/14 12:46:50.281, 0 %, 491 MiB, 81920 MiB
2026/04/14 12:46:50.281, 0 %, 0 MiB, 81920 MiB
2026/04/14 12:46:55.282, 0 %, 491 MiB, 81920 MiB
2026/04/14 12:46:55.282, 0 %, 0 MiB, 81920 MiB
2026/04/14 12:47:00.282, 0 %, 491 MiB, 81920 MiB
2026/04/14 12:47:00.283, 0 %, 0 MiB, 81920 MiB
2026/04/14 12:47:05.283, 0 %, 491 MiB, 81920 MiB
2026/04/14 12:47:05.283, 0 %, 0 MiB, 81920 MiB
2026/04/14 12:47:10.284, 0 %, 491 MiB, 81920 MiB
2026/04/14 12:47:10.284, 0 %, 0 MiB, 81920 MiB
2026/04/14 12:47:15.285, 0 %, 491 MiB, 81920 MiB
2026/04/14 12:47:15.285, 0 %, 0 MiB, 81920 MiB
2026/04/14 12:47:20.286, 0 %, 491 MiB, 81920 MiB
2026/04/14 12:47:20.286, 0 %, 0 MiB, 81920 MiB
2026/04/14 12:47:25.287, 0 %, 491 MiB, 81920 MiB
2026/04/14 12:47:25.287, 0 %, 0 MiB, 81920 MiB
2026/04/14 12:47:30.288, 0 %, 491 MiB, 81920 MiB
2026/04/14 12:47:30.288, 0 %, 0 MiB, 81920 MiB
2026/04/14 12:47:35.289, 0 %, 491 MiB, 81920 MiB
2026/04/14 12:47:35.289, 0 %, 0 MiB, 81920 MiB
2026/04/14 12:47:40.289, 0 %, 491 MiB, 81920 MiB
2026/04/14 12:47:40.290, 0 %, 0 MiB, 81920 MiB
2026/04/14 12:47:45.290, 0 %, 491 MiB, 81920 MiB
2026/04/14 12:47:45.291, 0 %, 0 MiB, 81920 MiB
2026/04/14 12:47:50.291, 0 %, 491 MiB, 81920 MiB
2026/04/14 12:47:50.291, 0 %, 0 MiB, 81920 MiB
2026/04/14 12:47:55.292, 0 %, 491 MiB, 81920 MiB
2026/04/14 12:47:55.292, 0 %, 0 MiB, 81920 MiB
2026/04/14 12:48:00.322, 0 %, 491 MiB, 81920 MiB
2026/04/14 12:48:00.322, 0 %, 0 MiB, 81920 MiB
2026/04/14 12:48:05.323, 0 %, 491 MiB, 81920 MiB
2026/04/14 12:48:05.323, 0 %, 0 MiB, 81920 MiB
2026/04/14 12:48:10.324, 9 %, 525 MiB, 81920 MiB
2026/04/14 12:48:10.324, 0 %, 0 MiB, 81920 MiB
2026/04/14 12:48:15.325, 0 %, 525 MiB, 81920 MiB
2026/04/14 12:48:15.325, 0 %, 0 MiB, 81920 MiB
2026/04/14 12:48:20.326, 0 %, 525 MiB, 81920 MiB
2026/04/14 12:48:20.326, 0 %, 0 MiB, 81920 MiB
2026/04/14 12:48:25.327, 0 %, 525 MiB, 81920 MiB
2026/04/14 12:48:25.327, 0 %, 0 MiB, 81920 MiB
2026/04/14 12:48:30.328, 0 %, 525 MiB, 81920 MiB
2026/04/14 12:48:30.328, 0 %, 0 MiB, 81920 MiB
2026/04/14 12:48:35.329, 0 %, 525 MiB, 81920 MiB
2026/04/14 12:48:35.329, 0 %, 0 MiB, 81920 MiB
2026/04/14 12:48:40.330, 0 %, 525 MiB, 81920 MiB
2026/04/14 12:48:40.330, 0 %, 0 MiB, 81920 MiB
2026/04/14 12:48:45.331, 0 %, 525 MiB, 81920 MiB
2026/04/14 12:48:45.331, 0 %, 0 MiB, 81920 MiB
2026/04/14 12:48:50.332, 0 %, 525 MiB, 81920 MiB
2026/04/14 12:48:50.332, 0 %, 0 MiB, 81920 MiB
2026/04/14 12:48:55.333, 0 %, 525 MiB, 81920 MiB
2026/04/14 12:48:55.333, 0 %, 0 MiB, 81920 MiB
2026/04/14 12:49:00.334, 0 %, 525 MiB, 81920 MiB
2026/04/14 12:49:00.334, 0 %, 0 MiB, 81920 MiB
2026/04/14 12:49:05.335, 0 %, 525 MiB, 81920 MiB
2026/04/14 12:49:05.335, 0 %, 0 MiB, 81920 MiB
2026/04/14 12:49:10.336, 0 %, 525 MiB, 81920 MiB
2026/04/14 12:49:10.336, 0 %, 0 MiB, 81920 MiB
2026/04/14 12:49:15.337, 0 %, 525 MiB, 81920 MiB
2026/04/14 12:49:15.337, 0 %, 0 MiB, 81920 MiB
2026/04/14 12:49:20.338, 0 %, 525 MiB, 81920 MiB
2026/04/14 12:49:20.338, 0 %, 0 MiB, 81920 MiB
2026/04/14 12:49:25.339, 0 %, 525 MiB, 81920 MiB
2026/04/14 12:49:25.339, 0 %, 0 MiB, 81920 MiB
2026/04/14 12:49:30.340, 0 %, 525 MiB, 81920 MiB
2026/04/14 12:49:30.340, 0 %, 0 MiB, 81920 MiB
2026/04/14 12:49:35.341, 0 %, 525 MiB, 81920 MiB
2026/04/14 12:49:35.341, 0 %, 0 MiB, 81920 MiB
2026/04/14 12:49:40.341, 0 %, 525 MiB, 81920 MiB
2026/04/14 12:49:40.342, 0 %, 0 MiB, 81920 MiB
2026/04/14 12:49:45.342, 0 %, 525 MiB, 81920 MiB
2026/04/14 12:49:45.342, 0 %, 0 MiB, 81920 MiB
2026/04/14 12:49:50.343, 0 %, 491 MiB, 81920 MiB
2026/04/14 12:49:50.343, 0 %, 0 MiB, 81920 MiB
2026/04/14 12:49:55.347, 0 %, 491 MiB, 81920 MiB
2026/04/14 12:49:55.347, 0 %, 0 MiB, 81920 MiB
2026/04/14 12:50:00.348, 0 %, 491 MiB, 81920 MiB
2026/04/14 12:50:00.348, 0 %, 0 MiB, 81920 MiB
2026/04/14 12:50:05.349, 0 %, 491 MiB, 81920 MiB
2026/04/14 12:50:05.349, 0 %, 0 MiB, 81920 MiB
2026/04/14 12:50:10.350, 0 %, 491 MiB, 81920 MiB
2026/04/14 12:50:10.350, 0 %, 0 MiB, 81920 MiB
2026/04/14 12:50:15.351, 0 %, 491 MiB, 81920 MiB
2026/04/14 12:50:15.351, 0 %, 0 MiB, 81920 MiB
2026/04/14 12:50:20.351, 0 %, 491 MiB, 81920 MiB
2026/04/14 12:50:20.351, 0 %, 0 MiB, 81920 MiB
2026/04/14 12:50:25.352, 0 %, 491 MiB, 81920 MiB
2026/04/14 12:50:25.352, 0 %, 0 MiB, 81920 MiB
2026/04/14 12:50:30.354, 0 %, 491 MiB, 81920 MiB
2026/04/14 12:50:30.354, 0 %, 0 MiB, 81920 MiB
2026/04/14 12:50:35.355, 0 %, 491 MiB, 81920 MiB
2026/04/14 12:50:35.355, 0 %, 0 MiB, 81920 MiB
2026/04/14 12:50:40.356, 0 %, 491 MiB, 81920 MiB
2026/04/14 12:50:40.356, 0 %, 0 MiB, 81920 MiB
2026/04/14 12:50:45.357, 0 %, 491 MiB, 81920 MiB
2026/04/14 12:50:45.357, 0 %, 0 MiB, 81920 MiB
2026/04/14 12:50:50.358, 0 %, 491 MiB, 81920 MiB
2026/04/14 12:50:50.358, 0 %, 0 MiB, 81920 MiB
2026/04/14 12:50:55.359, 0 %, 491 MiB, 81920 MiB
2026/04/14 12:50:55.359, 0 %, 0 MiB, 81920 MiB
2026/04/14 12:51:00.360, 0 %, 491 MiB, 81920 MiB
2026/04/14 12:51:00.360, 0 %, 0 MiB, 81920 MiB
2026/04/14 12:51:05.361, 0 %, 491 MiB, 81920 MiB
2026/04/14 12:51:05.361, 0 %, 0 MiB, 81920 MiB
2026/04/14 12:51:10.362, 0 %, 491 MiB, 81920 MiB
2026/04/14 12:51:10.362, 0 %, 0 MiB, 81920 MiB
2026/04/14 12:51:15.363, 0 %, 491 MiB, 81920 MiB
2026/04/14 12:51:15.363, 0 %, 0 MiB, 81920 MiB
2026/04/14 12:51:20.364, 0 %, 491 MiB, 81920 MiB
2026/04/14 12:51:20.364, 0 %, 0 MiB, 81920 MiB
2026/04/14 12:51:25.365, 0 %, 491 MiB, 81920 MiB
2026/04/14 12:51:25.365, 0 %, 0 MiB, 81920 MiB
2026/04/14 12:51:30.366, 0 %, 491 MiB, 81920 MiB
2026/04/14 12:51:30.366, 0 %, 0 MiB, 81920 MiB
2026/04/14 12:51:35.367, 0 %, 491 MiB, 81920 MiB
2026/04/14 12:51:35.367, 0 %, 0 MiB, 81920 MiB
2026/04/14 12:51:40.368, 0 %, 491 MiB, 81920 MiB
2026/04/14 12:51:40.368, 0 %, 0 MiB, 81920 MiB
2026/04/14 12:51:45.369, 0 %, 491 MiB, 81920 MiB
2026/04/14 12:51:45.369, 0 %, 0 MiB, 81920 MiB
2026/04/14 12:51:50.370, 35 %, 525 MiB, 81920 MiB
2026/04/14 12:51:50.370, 0 %, 0 MiB, 81920 MiB
2026/04/14 12:51:55.371, 18 %, 525 MiB, 81920 MiB
2026/04/14 12:51:55.371, 0 %, 0 MiB, 81920 MiB
2026/04/14 12:52:00.372, 0 %, 525 MiB, 81920 MiB
2026/04/14 12:52:00.372, 0 %, 0 MiB, 81920 MiB
2026/04/14 12:52:05.373, 0 %, 525 MiB, 81920 MiB
2026/04/14 12:52:05.373, 0 %, 0 MiB, 81920 MiB
2026/04/14 12:52:10.374, 0 %, 525 MiB, 81920 MiB
2026/04/14 12:52:10.374, 0 %, 0 MiB, 81920 MiB
2026/04/14 12:52:15.375, 0 %, 525 MiB, 81920 MiB
2026/04/14 12:52:15.375, 0 %, 0 MiB, 81920 MiB
2026/04/14 12:52:20.375, 0 %, 525 MiB, 81920 MiB
2026/04/14 12:52:20.376, 0 %, 0 MiB, 81920 MiB
2026/04/14 12:52:25.376, 0 %, 525 MiB, 81920 MiB
2026/04/14 12:52:25.376, 0 %, 0 MiB, 81920 MiB
2026/04/14 12:52:30.377, 0 %, 525 MiB, 81920 MiB
2026/04/14 12:52:30.377, 0 %, 0 MiB, 81920 MiB
2026/04/14 12:52:35.378, 0 %, 525 MiB, 81920 MiB
2026/04/14 12:52:35.378, 0 %, 0 MiB, 81920 MiB
2026/04/14 12:52:40.379, 0 %, 525 MiB, 81920 MiB
2026/04/14 12:52:40.379, 0 %, 0 MiB, 81920 MiB
2026/04/14 12:52:45.380, 0 %, 525 MiB, 81920 MiB
2026/04/14 12:52:45.380, 0 %, 0 MiB, 81920 MiB
2026/04/14 12:52:50.381, 0 %, 525 MiB, 81920 MiB
2026/04/14 12:52:50.381, 0 %, 0 MiB, 81920 MiB
2026/04/14 12:52:55.382, 0 %, 525 MiB, 81920 MiB
2026/04/14 12:52:55.382, 0 %, 0 MiB, 81920 MiB
2026/04/14 12:53:00.382, 0 %, 525 MiB, 81920 MiB
2026/04/14 12:53:00.383, 0 %, 0 MiB, 81920 MiB
2026/04/14 12:53:05.383, 0 %, 525 MiB, 81920 MiB
2026/04/14 12:53:05.383, 0 %, 0 MiB, 81920 MiB
2026/04/14 12:53:10.384, 0 %, 525 MiB, 81920 MiB
2026/04/14 12:53:10.384, 0 %, 0 MiB, 81920 MiB
2026/04/14 12:53:15.385, 0 %, 525 MiB, 81920 MiB
2026/04/14 12:53:15.385, 0 %, 0 MiB, 81920 MiB
2026/04/14 12:53:20.386, 0 %, 525 MiB, 81920 MiB
2026/04/14 12:53:20.386, 0 %, 0 MiB, 81920 MiB
2026/04/14 12:53:25.387, 0 %, 525 MiB, 81920 MiB
2026/04/14 12:53:25.387, 0 %, 0 MiB, 81920 MiB
2026/04/14 12:53:30.391, 0 %, 491 MiB, 81920 MiB
2026/04/14 12:53:30.391, 0 %, 0 MiB, 81920 MiB
2026/04/14 12:53:35.392, 0 %, 491 MiB, 81920 MiB
2026/04/14 12:53:35.392, 0 %, 0 MiB, 81920 MiB
2026/04/14 12:53:40.393, 0 %, 491 MiB, 81920 MiB
2026/04/14 12:53:40.394, 0 %, 0 MiB, 81920 MiB
2026/04/14 12:53:45.394, 0 %, 491 MiB, 81920 MiB
2026/04/14 12:53:45.394, 0 %, 0 MiB, 81920 MiB
2026/04/14 12:53:50.395, 0 %, 491 MiB, 81920 MiB
2026/04/14 12:53:50.395, 0 %, 0 MiB, 81920 MiB
2026/04/14 12:53:55.396, 0 %, 491 MiB, 81920 MiB
2026/04/14 12:53:55.396, 0 %, 0 MiB, 81920 MiB
2026/04/14 12:54:00.397, 0 %, 491 MiB, 81920 MiB
2026/04/14 12:54:00.397, 0 %, 0 MiB, 81920 MiB
2026/04/14 12:54:05.398, 0 %, 491 MiB, 81920 MiB
2026/04/14 12:54:05.398, 0 %, 0 MiB, 81920 MiB
2026/04/14 12:54:10.399, 0 %, 491 MiB, 81920 MiB
2026/04/14 12:54:10.399, 0 %, 0 MiB, 81920 MiB
2026/04/14 12:54:15.400, 0 %, 491 MiB, 81920 MiB
2026/04/14 12:54:15.400, 0 %, 0 MiB, 81920 MiB
2026/04/14 12:54:20.401, 0 %, 491 MiB, 81920 MiB
2026/04/14 12:54:20.401, 0 %, 0 MiB, 81920 MiB
2026/04/14 12:54:25.401, 0 %, 491 MiB, 81920 MiB
2026/04/14 12:54:25.402, 0 %, 0 MiB, 81920 MiB
2026/04/14 12:54:30.402, 0 %, 491 MiB, 81920 MiB
2026/04/14 12:54:30.402, 0 %, 0 MiB, 81920 MiB
2026/04/14 12:54:35.403, 0 %, 491 MiB, 81920 MiB
2026/04/14 12:54:35.403, 0 %, 0 MiB, 81920 MiB
2026/04/14 12:54:40.404, 0 %, 491 MiB, 81920 MiB
2026/04/14 12:54:40.404, 0 %, 0 MiB, 81920 MiB
2026/04/14 12:54:45.405, 0 %, 491 MiB, 81920 MiB
2026/04/14 12:54:45.405, 0 %, 0 MiB, 81920 MiB
2026/04/14 12:54:50.406, 0 %, 491 MiB, 81920 MiB
2026/04/14 12:54:50.406, 0 %, 0 MiB, 81920 MiB
2026/04/14 12:54:55.407, 0 %, 491 MiB, 81920 MiB
2026/04/14 12:54:55.407, 0 %, 0 MiB, 81920 MiB
2026/04/14 12:55:00.407, 0 %, 491 MiB, 81920 MiB
2026/04/14 12:55:00.407, 0 %, 0 MiB, 81920 MiB
2026/04/14 12:55:05.408, 0 %, 491 MiB, 81920 MiB
2026/04/14 12:55:05.409, 0 %, 0 MiB, 81920 MiB
2026/04/14 12:55:10.409, 0 %, 491 MiB, 81920 MiB
2026/04/14 12:55:10.410, 0 %, 0 MiB, 81920 MiB
2026/04/14 12:55:15.410, 0 %, 491 MiB, 81920 MiB
2026/04/14 12:55:15.411, 0 %, 0 MiB, 81920 MiB
2026/04/14 12:55:20.412, 0 %, 491 MiB, 81920 MiB
2026/04/14 12:55:20.412, 0 %, 0 MiB, 81920 MiB
2026/04/14 12:55:25.413, 0 %, 491 MiB, 81920 MiB
2026/04/14 12:55:25.414, 0 %, 0 MiB, 81920 MiB
2026/04/14 12:55:30.414, 0 %, 525 MiB, 81920 MiB
2026/04/14 12:55:30.415, 0 %, 0 MiB, 81920 MiB
2026/04/14 12:55:35.415, 0 %, 525 MiB, 81920 MiB
2026/04/14 12:55:35.416, 0 %, 0 MiB, 81920 MiB
2026/04/14 12:55:40.416, 8 %, 559 MiB, 81920 MiB
2026/04/14 12:55:40.417, 0 %, 0 MiB, 81920 MiB
2026/04/14 12:55:45.417, 0 %, 525 MiB, 81920 MiB
2026/04/14 12:55:45.418, 0 %, 0 MiB, 81920 MiB
2026/04/14 12:55:50.418, 0 %, 525 MiB, 81920 MiB
2026/04/14 12:55:50.418, 0 %, 0 MiB, 81920 MiB
2026/04/14 12:55:55.419, 0 %, 525 MiB, 81920 MiB
2026/04/14 12:55:55.419, 0 %, 0 MiB, 81920 MiB
2026/04/14 12:56:00.420, 0 %, 525 MiB, 81920 MiB
2026/04/14 12:56:00.420, 0 %, 0 MiB, 81920 MiB
2026/04/14 12:56:05.421, 0 %, 525 MiB, 81920 MiB
2026/04/14 12:56:05.421, 0 %, 0 MiB, 81920 MiB
2026/04/14 12:56:10.422, 0 %, 525 MiB, 81920 MiB
2026/04/14 12:56:10.422, 0 %, 0 MiB, 81920 MiB
2026/04/14 12:56:15.423, 0 %, 525 MiB, 81920 MiB
2026/04/14 12:56:15.423, 0 %, 0 MiB, 81920 MiB
2026/04/14 12:56:20.424, 0 %, 525 MiB, 81920 MiB
2026/04/14 12:56:20.424, 0 %, 0 MiB, 81920 MiB
2026/04/14 12:56:25.425, 0 %, 525 MiB, 81920 MiB
2026/04/14 12:56:25.425, 0 %, 0 MiB, 81920 MiB
2026/04/14 12:56:30.426, 0 %, 525 MiB, 81920 MiB
2026/04/14 12:56:30.426, 0 %, 0 MiB, 81920 MiB
2026/04/14 12:56:35.427, 0 %, 525 MiB, 81920 MiB
2026/04/14 12:56:35.427, 0 %, 0 MiB, 81920 MiB
2026/04/14 12:56:40.428, 0 %, 525 MiB, 81920 MiB
2026/04/14 12:56:40.428, 0 %, 0 MiB, 81920 MiB
2026/04/14 12:56:45.429, 0 %, 525 MiB, 81920 MiB
2026/04/14 12:56:45.429, 0 %, 0 MiB, 81920 MiB
2026/04/14 12:56:50.430, 0 %, 525 MiB, 81920 MiB
2026/04/14 12:56:50.430, 0 %, 0 MiB, 81920 MiB
2026/04/14 12:56:55.431, 0 %, 525 MiB, 81920 MiB
2026/04/14 12:56:55.431, 0 %, 0 MiB, 81920 MiB
2026/04/14 12:57:00.432, 0 %, 525 MiB, 81920 MiB
2026/04/14 12:57:00.432, 0 %, 0 MiB, 81920 MiB
2026/04/14 12:57:05.433, 0 %, 525 MiB, 81920 MiB
2026/04/14 12:57:05.433, 0 %, 0 MiB, 81920 MiB
2026/04/14 12:57:10.434, 0 %, 491 MiB, 81920 MiB
2026/04/14 12:57:10.434, 0 %, 0 MiB, 81920 MiB
2026/04/14 12:57:15.435, 0 %, 491 MiB, 81920 MiB
2026/04/14 12:57:15.435, 0 %, 0 MiB, 81920 MiB
2026/04/14 12:57:20.436, 0 %, 491 MiB, 81920 MiB
2026/04/14 12:57:20.436, 0 %, 0 MiB, 81920 MiB
2026/04/14 12:57:25.437, 0 %, 491 MiB, 81920 MiB
2026/04/14 12:57:25.437, 0 %, 0 MiB, 81920 MiB
2026/04/14 12:57:30.437, 0 %, 491 MiB, 81920 MiB
2026/04/14 12:57:30.437, 0 %, 0 MiB, 81920 MiB
2026/04/14 12:57:35.438, 0 %, 491 MiB, 81920 MiB
2026/04/14 12:57:35.438, 0 %, 0 MiB, 81920 MiB
2026/04/14 12:57:40.439, 0 %, 491 MiB, 81920 MiB
2026/04/14 12:57:40.439, 0 %, 0 MiB, 81920 MiB
2026/04/14 12:57:45.440, 0 %, 491 MiB, 81920 MiB
2026/04/14 12:57:45.440, 0 %, 0 MiB, 81920 MiB
2026/04/14 12:57:50.441, 0 %, 491 MiB, 81920 MiB
2026/04/14 12:57:50.441, 0 %, 0 MiB, 81920 MiB
2026/04/14 12:57:55.441, 0 %, 491 MiB, 81920 MiB
2026/04/14 12:57:55.442, 0 %, 0 MiB, 81920 MiB
2026/04/14 12:58:00.442, 0 %, 491 MiB, 81920 MiB
2026/04/14 12:58:00.442, 0 %, 0 MiB, 81920 MiB
2026/04/14 12:58:05.443, 0 %, 491 MiB, 81920 MiB
2026/04/14 12:58:05.443, 0 %, 0 MiB, 81920 MiB
2026/04/14 12:58:10.444, 0 %, 491 MiB, 81920 MiB
2026/04/14 12:58:10.444, 0 %, 0 MiB, 81920 MiB
2026/04/14 12:58:15.445, 0 %, 491 MiB, 81920 MiB
2026/04/14 12:58:15.445, 0 %, 0 MiB, 81920 MiB
2026/04/14 12:58:20.445, 0 %, 491 MiB, 81920 MiB
2026/04/14 12:58:20.445, 0 %, 0 MiB, 81920 MiB
2026/04/14 12:58:25.446, 0 %, 491 MiB, 81920 MiB
2026/04/14 12:58:25.446, 0 %, 0 MiB, 81920 MiB
2026/04/14 12:58:30.447, 0 %, 491 MiB, 81920 MiB
2026/04/14 12:58:30.447, 0 %, 0 MiB, 81920 MiB
2026/04/14 12:58:35.447, 0 %, 491 MiB, 81920 MiB
2026/04/14 12:58:35.448, 0 %, 0 MiB, 81920 MiB
2026/04/14 12:58:40.448, 0 %, 491 MiB, 81920 MiB
2026/04/14 12:58:40.448, 0 %, 0 MiB, 81920 MiB
2026/04/14 12:58:45.449, 0 %, 491 MiB, 81920 MiB
2026/04/14 12:58:45.449, 0 %, 0 MiB, 81920 MiB
2026/04/14 12:58:50.450, 0 %, 491 MiB, 81920 MiB
2026/04/14 12:58:50.450, 0 %, 0 MiB, 81920 MiB
2026/04/14 12:58:55.451, 0 %, 491 MiB, 81920 MiB
2026/04/14 12:58:55.451, 0 %, 0 MiB, 81920 MiB
2026/04/14 12:59:00.451, 0 %, 491 MiB, 81920 MiB
2026/04/14 12:59:00.452, 0 %, 0 MiB, 81920 MiB
2026/04/14 12:59:05.452, 0 %, 491 MiB, 81920 MiB
2026/04/14 12:59:05.452, 0 %, 0 MiB, 81920 MiB
2026/04/14 12:59:10.453, 28 %, 525 MiB, 81920 MiB
2026/04/14 12:59:10.453, 0 %, 0 MiB, 81920 MiB
2026/04/14 12:59:15.454, 15 %, 525 MiB, 81920 MiB
2026/04/14 12:59:15.454, 0 %, 0 MiB, 81920 MiB
2026/04/14 12:59:20.454, 3 %, 525 MiB, 81920 MiB
2026/04/14 12:59:20.455, 0 %, 0 MiB, 81920 MiB
2026/04/14 12:59:25.455, 0 %, 525 MiB, 81920 MiB
2026/04/14 12:59:25.455, 0 %, 0 MiB, 81920 MiB
2026/04/14 12:59:30.456, 0 %, 525 MiB, 81920 MiB
2026/04/14 12:59:30.456, 0 %, 0 MiB, 81920 MiB
2026/04/14 12:59:35.456, 0 %, 525 MiB, 81920 MiB
2026/04/14 12:59:35.456, 0 %, 0 MiB, 81920 MiB
2026/04/14 12:59:40.457, 0 %, 525 MiB, 81920 MiB
2026/04/14 12:59:40.457, 0 %, 0 MiB, 81920 MiB
2026/04/14 12:59:45.458, 0 %, 525 MiB, 81920 MiB
2026/04/14 12:59:45.458, 0 %, 0 MiB, 81920 MiB
2026/04/14 12:59:50.458, 0 %, 525 MiB, 81920 MiB
2026/04/14 12:59:50.458, 0 %, 0 MiB, 81920 MiB
2026/04/14 12:59:55.459, 0 %, 525 MiB, 81920 MiB
2026/04/14 12:59:55.459, 0 %, 0 MiB, 81920 MiB
2026/04/14 13:00:00.460, 0 %, 525 MiB, 81920 MiB
2026/04/14 13:00:00.460, 0 %, 0 MiB, 81920 MiB
2026/04/14 13:00:05.460, 0 %, 525 MiB, 81920 MiB
2026/04/14 13:00:05.460, 0 %, 0 MiB, 81920 MiB
2026/04/14 13:00:10.461, 0 %, 525 MiB, 81920 MiB
2026/04/14 13:00:10.461, 0 %, 0 MiB, 81920 MiB
2026/04/14 13:00:15.461, 0 %, 525 MiB, 81920 MiB
2026/04/14 13:00:15.461, 0 %, 0 MiB, 81920 MiB
2026/04/14 13:00:20.462, 0 %, 525 MiB, 81920 MiB
2026/04/14 13:00:20.462, 0 %, 0 MiB, 81920 MiB
2026/04/14 13:00:25.463, 0 %, 525 MiB, 81920 MiB
2026/04/14 13:00:25.463, 0 %, 0 MiB, 81920 MiB
2026/04/14 13:00:30.463, 0 %, 525 MiB, 81920 MiB
2026/04/14 13:00:30.463, 0 %, 0 MiB, 81920 MiB
2026/04/14 13:00:35.464, 0 %, 525 MiB, 81920 MiB
2026/04/14 13:00:35.464, 0 %, 0 MiB, 81920 MiB
2026/04/14 13:00:40.464, 0 %, 525 MiB, 81920 MiB
2026/04/14 13:00:40.464, 0 %, 0 MiB, 81920 MiB
2026/04/14 13:00:45.465, 0 %, 525 MiB, 81920 MiB
2026/04/14 13:00:45.465, 0 %, 0 MiB, 81920 MiB
2026/04/14 13:00:50.466, 0 %, 491 MiB, 81920 MiB
2026/04/14 13:00:50.466, 0 %, 0 MiB, 81920 MiB
2026/04/14 13:00:55.470, 0 %, 491 MiB, 81920 MiB
2026/04/14 13:00:55.470, 0 %, 0 MiB, 81920 MiB
2026/04/14 13:01:00.471, 0 %, 491 MiB, 81920 MiB
2026/04/14 13:01:00.471, 0 %, 0 MiB, 81920 MiB
2026/04/14 13:01:05.472, 0 %, 491 MiB, 81920 MiB
2026/04/14 13:01:05.472, 0 %, 0 MiB, 81920 MiB
2026/04/14 13:01:10.473, 0 %, 491 MiB, 81920 MiB
2026/04/14 13:01:10.473, 0 %, 0 MiB, 81920 MiB
2026/04/14 13:01:15.474, 0 %, 491 MiB, 81920 MiB
2026/04/14 13:01:15.474, 0 %, 0 MiB, 81920 MiB
2026/04/14 13:01:20.475, 0 %, 491 MiB, 81920 MiB
2026/04/14 13:01:20.475, 0 %, 0 MiB, 81920 MiB
2026/04/14 13:01:25.476, 0 %, 491 MiB, 81920 MiB
2026/04/14 13:01:25.476, 0 %, 0 MiB, 81920 MiB
2026/04/14 13:01:30.477, 0 %, 491 MiB, 81920 MiB
2026/04/14 13:01:30.477, 0 %, 0 MiB, 81920 MiB
2026/04/14 13:01:35.478, 0 %, 491 MiB, 81920 MiB
2026/04/14 13:01:35.478, 0 %, 0 MiB, 81920 MiB
2026/04/14 13:01:40.479, 0 %, 491 MiB, 81920 MiB
2026/04/14 13:01:40.479, 0 %, 0 MiB, 81920 MiB
2026/04/14 13:01:45.480, 0 %, 491 MiB, 81920 MiB
2026/04/14 13:01:45.480, 0 %, 0 MiB, 81920 MiB
2026/04/14 13:01:50.481, 0 %, 491 MiB, 81920 MiB
2026/04/14 13:01:50.481, 0 %, 0 MiB, 81920 MiB
2026/04/14 13:01:55.482, 0 %, 491 MiB, 81920 MiB
2026/04/14 13:01:55.482, 0 %, 0 MiB, 81920 MiB
2026/04/14 13:02:00.483, 0 %, 491 MiB, 81920 MiB
2026/04/14 13:02:00.483, 0 %, 0 MiB, 81920 MiB
2026/04/14 13:02:05.484, 0 %, 491 MiB, 81920 MiB
2026/04/14 13:02:05.484, 0 %, 0 MiB, 81920 MiB
2026/04/14 13:02:10.485, 0 %, 491 MiB, 81920 MiB
2026/04/14 13:02:10.485, 0 %, 0 MiB, 81920 MiB
2026/04/14 13:02:15.485, 0 %, 491 MiB, 81920 MiB
2026/04/14 13:02:15.485, 0 %, 0 MiB, 81920 MiB
2026/04/14 13:02:20.486, 0 %, 491 MiB, 81920 MiB
2026/04/14 13:02:20.486, 0 %, 0 MiB, 81920 MiB
2026/04/14 13:02:25.487, 0 %, 491 MiB, 81920 MiB
2026/04/14 13:02:25.487, 0 %, 0 MiB, 81920 MiB
2026/04/14 13:02:30.488, 0 %, 491 MiB, 81920 MiB
2026/04/14 13:02:30.488, 0 %, 0 MiB, 81920 MiB
2026/04/14 13:02:35.489, 0 %, 491 MiB, 81920 MiB
2026/04/14 13:02:35.489, 0 %, 0 MiB, 81920 MiB
2026/04/14 13:02:40.490, 0 %, 491 MiB, 81920 MiB
2026/04/14 13:02:40.490, 0 %, 0 MiB, 81920 MiB
2026/04/14 13:02:45.491, 0 %, 491 MiB, 81920 MiB
2026/04/14 13:02:45.491, 0 %, 0 MiB, 81920 MiB
2026/04/14 13:02:50.491, 0 %, 491 MiB, 81920 MiB
2026/04/14 13:02:50.492, 0 %, 0 MiB, 81920 MiB
2026/04/14 13:02:55.493, 35 %, 525 MiB, 81920 MiB
2026/04/14 13:02:55.493, 0 %, 0 MiB, 81920 MiB
2026/04/14 13:03:00.494, 35 %, 525 MiB, 81920 MiB
2026/04/14 13:03:00.494, 0 %, 0 MiB, 81920 MiB
2026/04/14 13:03:05.495, 3 %, 525 MiB, 81920 MiB
2026/04/14 13:03:05.495, 0 %, 0 MiB, 81920 MiB
2026/04/14 13:03:10.496, 0 %, 525 MiB, 81920 MiB
2026/04/14 13:03:10.496, 0 %, 0 MiB, 81920 MiB
2026/04/14 13:03:15.497, 0 %, 525 MiB, 81920 MiB
2026/04/14 13:03:15.497, 0 %, 0 MiB, 81920 MiB
2026/04/14 13:03:20.498, 0 %, 525 MiB, 81920 MiB
2026/04/14 13:03:20.498, 0 %, 0 MiB, 81920 MiB
2026/04/14 13:03:25.499, 0 %, 525 MiB, 81920 MiB
2026/04/14 13:03:25.499, 0 %, 0 MiB, 81920 MiB
2026/04/14 13:03:30.500, 0 %, 525 MiB, 81920 MiB
2026/04/14 13:03:30.500, 0 %, 0 MiB, 81920 MiB
2026/04/14 13:03:35.501, 0 %, 525 MiB, 81920 MiB
2026/04/14 13:03:35.501, 0 %, 0 MiB, 81920 MiB
2026/04/14 13:03:40.502, 0 %, 525 MiB, 81920 MiB
2026/04/14 13:03:40.502, 0 %, 0 MiB, 81920 MiB
2026/04/14 13:03:45.503, 0 %, 525 MiB, 81920 MiB
2026/04/14 13:03:45.503, 0 %, 0 MiB, 81920 MiB
2026/04/14 13:03:50.504, 0 %, 525 MiB, 81920 MiB
2026/04/14 13:03:50.504, 0 %, 0 MiB, 81920 MiB
2026/04/14 13:03:55.505, 0 %, 525 MiB, 81920 MiB
2026/04/14 13:03:55.505, 0 %, 0 MiB, 81920 MiB
2026/04/14 13:04:00.506, 0 %, 525 MiB, 81920 MiB
2026/04/14 13:04:00.506, 0 %, 0 MiB, 81920 MiB
2026/04/14 13:04:05.507, 0 %, 525 MiB, 81920 MiB
2026/04/14 13:04:05.507, 0 %, 0 MiB, 81920 MiB
2026/04/14 13:04:10.508, 0 %, 525 MiB, 81920 MiB
2026/04/14 13:04:10.508, 0 %, 0 MiB, 81920 MiB
2026/04/14 13:04:15.509, 0 %, 525 MiB, 81920 MiB
2026/04/14 13:04:15.509, 0 %, 0 MiB, 81920 MiB
2026/04/14 13:04:20.510, 0 %, 525 MiB, 81920 MiB
2026/04/14 13:04:20.510, 0 %, 0 MiB, 81920 MiB
2026/04/14 13:04:25.511, 0 %, 525 MiB, 81920 MiB
2026/04/14 13:04:25.511, 0 %, 0 MiB, 81920 MiB
2026/04/14 13:04:30.512, 0 %, 525 MiB, 81920 MiB
2026/04/14 13:04:30.512, 0 %, 0 MiB, 81920 MiB
2026/04/14 13:04:35.513, 0 %, 491 MiB, 81920 MiB
2026/04/14 13:04:35.513, 0 %, 0 MiB, 81920 MiB
2026/04/14 13:04:40.514, 0 %, 491 MiB, 81920 MiB
2026/04/14 13:04:40.514, 0 %, 0 MiB, 81920 MiB
2026/04/14 13:04:45.515, 0 %, 491 MiB, 81920 MiB
2026/04/14 13:04:45.515, 0 %, 0 MiB, 81920 MiB
2026/04/14 13:04:50.516, 0 %, 491 MiB, 81920 MiB
2026/04/14 13:04:50.516, 0 %, 0 MiB, 81920 MiB
2026/04/14 13:04:55.517, 0 %, 491 MiB, 81920 MiB
2026/04/14 13:04:55.517, 0 %, 0 MiB, 81920 MiB
2026/04/14 13:05:00.518, 0 %, 491 MiB, 81920 MiB
2026/04/14 13:05:00.518, 0 %, 0 MiB, 81920 MiB
2026/04/14 13:05:05.519, 0 %, 491 MiB, 81920 MiB
2026/04/14 13:05:05.519, 0 %, 0 MiB, 81920 MiB
2026/04/14 13:05:10.520, 0 %, 491 MiB, 81920 MiB
2026/04/14 13:05:10.520, 0 %, 0 MiB, 81920 MiB
2026/04/14 13:05:15.521, 0 %, 491 MiB, 81920 MiB
2026/04/14 13:05:15.521, 0 %, 0 MiB, 81920 MiB
2026/04/14 13:05:20.522, 0 %, 491 MiB, 81920 MiB
2026/04/14 13:05:20.522, 0 %, 0 MiB, 81920 MiB
2026/04/14 13:05:25.523, 0 %, 491 MiB, 81920 MiB
2026/04/14 13:05:25.523, 0 %, 0 MiB, 81920 MiB
2026/04/14 13:05:30.524, 0 %, 491 MiB, 81920 MiB
2026/04/14 13:05:30.525, 0 %, 0 MiB, 81920 MiB
2026/04/14 13:05:35.526, 0 %, 491 MiB, 81920 MiB
2026/04/14 13:05:35.526, 0 %, 0 MiB, 81920 MiB
2026/04/14 13:05:40.527, 0 %, 491 MiB, 81920 MiB
2026/04/14 13:05:40.527, 0 %, 0 MiB, 81920 MiB
2026/04/14 13:05:45.528, 0 %, 491 MiB, 81920 MiB
2026/04/14 13:05:45.528, 0 %, 0 MiB, 81920 MiB
2026/04/14 13:05:50.529, 0 %, 491 MiB, 81920 MiB
2026/04/14 13:05:50.529, 0 %, 0 MiB, 81920 MiB
2026/04/14 13:05:55.530, 0 %, 491 MiB, 81920 MiB
2026/04/14 13:05:55.530, 0 %, 0 MiB, 81920 MiB
2026/04/14 13:06:00.531, 0 %, 491 MiB, 81920 MiB
2026/04/14 13:06:00.531, 0 %, 0 MiB, 81920 MiB
2026/04/14 13:06:05.531, 0 %, 491 MiB, 81920 MiB
2026/04/14 13:06:05.532, 0 %, 0 MiB, 81920 MiB
2026/04/14 13:06:10.533, 0 %, 491 MiB, 81920 MiB
2026/04/14 13:06:10.533, 0 %, 0 MiB, 81920 MiB
2026/04/14 13:06:15.534, 0 %, 491 MiB, 81920 MiB
2026/04/14 13:06:15.534, 0 %, 0 MiB, 81920 MiB
2026/04/14 13:06:20.534, 0 %, 491 MiB, 81920 MiB
2026/04/14 13:06:20.534, 0 %, 0 MiB, 81920 MiB
2026/04/14 13:06:25.535, 0 %, 491 MiB, 81920 MiB
2026/04/14 13:06:25.535, 0 %, 0 MiB, 81920 MiB
2026/04/14 13:06:30.536, 0 %, 491 MiB, 81920 MiB
2026/04/14 13:06:30.536, 0 %, 0 MiB, 81920 MiB
2026/04/14 13:06:35.537, 10 %, 559 MiB, 81920 MiB
2026/04/14 13:06:35.537, 0 %, 0 MiB, 81920 MiB
2026/04/14 13:06:40.538, 12 %, 559 MiB, 81920 MiB
2026/04/14 13:06:40.538, 0 %, 0 MiB, 81920 MiB
2026/04/14 13:06:45.539, 32 %, 525 MiB, 81920 MiB
2026/04/14 13:06:45.539, 0 %, 0 MiB, 81920 MiB
2026/04/14 13:06:50.540, 0 %, 525 MiB, 81920 MiB
2026/04/14 13:06:50.540, 0 %, 0 MiB, 81920 MiB
2026/04/14 13:06:55.541, 0 %, 525 MiB, 81920 MiB
2026/04/14 13:06:55.541, 0 %, 0 MiB, 81920 MiB
2026/04/14 13:07:00.541, 0 %, 525 MiB, 81920 MiB
2026/04/14 13:07:00.542, 0 %, 0 MiB, 81920 MiB
2026/04/14 13:07:05.542, 0 %, 525 MiB, 81920 MiB
2026/04/14 13:07:05.543, 0 %, 0 MiB, 81920 MiB
2026/04/14 13:07:10.543, 0 %, 525 MiB, 81920 MiB
2026/04/14 13:07:10.544, 0 %, 0 MiB, 81920 MiB
2026/04/14 13:07:15.544, 0 %, 525 MiB, 81920 MiB
2026/04/14 13:07:15.545, 0 %, 0 MiB, 81920 MiB
2026/04/14 13:07:20.545, 0 %, 525 MiB, 81920 MiB
2026/04/14 13:07:20.546, 0 %, 0 MiB, 81920 MiB
2026/04/14 13:07:25.546, 0 %, 525 MiB, 81920 MiB
2026/04/14 13:07:25.546, 0 %, 0 MiB, 81920 MiB
2026/04/14 13:07:30.547, 0 %, 525 MiB, 81920 MiB
2026/04/14 13:07:30.547, 0 %, 0 MiB, 81920 MiB
2026/04/14 13:07:35.548, 0 %, 525 MiB, 81920 MiB
2026/04/14 13:07:35.548, 0 %, 0 MiB, 81920 MiB
2026/04/14 13:07:40.549, 0 %, 525 MiB, 81920 MiB
2026/04/14 13:07:40.549, 0 %, 0 MiB, 81920 MiB
2026/04/14 13:07:45.550, 0 %, 525 MiB, 81920 MiB
2026/04/14 13:07:45.550, 0 %, 0 MiB, 81920 MiB
2026/04/14 13:07:50.551, 0 %, 525 MiB, 81920 MiB
2026/04/14 13:07:50.551, 0 %, 0 MiB, 81920 MiB
2026/04/14 13:07:55.552, 0 %, 525 MiB, 81920 MiB
2026/04/14 13:07:55.552, 0 %, 0 MiB, 81920 MiB
2026/04/14 13:08:00.553, 0 %, 525 MiB, 81920 MiB
2026/04/14 13:08:00.553, 0 %, 0 MiB, 81920 MiB
2026/04/14 13:08:05.554, 0 %, 525 MiB, 81920 MiB
2026/04/14 13:08:05.554, 0 %, 0 MiB, 81920 MiB
2026/04/14 13:08:10.555, 0 %, 525 MiB, 81920 MiB
2026/04/14 13:08:10.555, 0 %, 0 MiB, 81920 MiB
2026/04/14 13:08:15.556, 0 %, 457 MiB, 81920 MiB
2026/04/14 13:08:15.556, 0 %, 0 MiB, 81920 MiB
2026/04/14 13:08:20.557, 0 %, 411 MiB, 81920 MiB
2026/04/14 13:08:20.557, 0 %, 0 MiB, 81920 MiB
